#bodyContent,Ir al contenido
/wiki/Wikipedia:Portada,Portada
/wiki/Portal:Comunidad,Portal de la comunidad
/wiki/Portal:Actualidad,Actualidad
/wiki/Especial:CambiosRecientes,Cambios recientes
/wiki/Especial:P%C3%A1ginasNuevas,P√°ginas nuevas
/wiki/Especial:Aleatoria,P√°gina aleatoria
/wiki/Ayuda:Contenidos,Ayuda
//donate.wikimedia.org/wiki/Special:FundraiserRedirector?utm_source=donate&utm_medium=sidebar&utm_campaign=C13_es.wikipedia.org&uselang=es,Donaciones
/wiki/Wikipedia:Informes_de_error,Notificar un error
/wiki/Wikipedia:Portada,
/wiki/Especial:Buscar,Buscar
/w/index.php?title=Especial:Crear_una_cuenta&returnto=Vino,Crear una cuenta
/w/index.php?title=Especial:Entrar&returnto=Vino,Acceder
/w/index.php?title=Especial:Crear_una_cuenta&returnto=Vino,Crear una cuenta
/w/index.php?title=Especial:Entrar&returnto=Vino,Acceder
/wiki/Ayuda:Introducci%C3%B3n,m√°s informaci√≥n
/wiki/Especial:MisContribuciones,Contribuciones
/wiki/Especial:MiDiscusi%C3%B3n,Discusi√≥n
#,Inicio
#Etimolog√≠a,1Etimolog√≠a
#Historia,2Historia
#Los_vi√±edos,3Los vi√±edos
#Ampelolog√≠a_y_ampelograf√≠a,3.1Ampelolog√≠a y ampelograf√≠a
#Regiones_vitivin√≠colas,3.2Regiones vitivin√≠colas
#Morfolog√≠a,3.3Morfolog√≠a
#Cultivo,3.4Cultivo
#Producci√≥n_y_elaboraci√≥n,4Producci√≥n y elaboraci√≥n
#Prensado_/_aplastado,4.1Prensado / aplastado
#Fermentaci√≥n,4.2Fermentaci√≥n
#Fermentaci√≥n_malol√°ctica,4.2.1Fermentaci√≥n malol√°ctica
#Segunda_fermentaci√≥n,4.2.2Segunda fermentaci√≥n
#Maduraci√≥n,4.3Maduraci√≥n
#Embotellado,4.4Embotellado
#Composici√≥n_del_vino_y_del_mosto,5Composici√≥n del vino y del mosto
#Carbohidratos,5.1Carbohidratos
#Alcoholes,5.2Alcoholes
#√Åcidos,5.3√Åcidos
#√âsteres,5.4√âsteres
#Compuestos_nitrogenados,5.5Compuestos nitrogenados
#Compuestos_fen√≥licos,5.6Compuestos fen√≥licos
#Constituyentes_inorg√°nicos,5.7Constituyentes inorg√°nicos
#Propiedades_organol√©pticas,6Propiedades organol√©pticas
#Color,6.1Color
#Sabor_y_aroma,6.2Sabor y aroma
#Degustaci√≥n_y_cata,6.3Degustaci√≥n y cata
#Tipos_de_vinos,7Tipos de vinos
#Contenido_de_di√≥xido_de_carbono,7.1Contenido de di√≥xido de carbono
#Contenido_de_alcohol,7.2Contenido de alcohol
#Funciones_gastron√≥micas,7.3Funciones gastron√≥micas
#Vinos_arom√°ticos,7.4Vinos arom√°ticos
#Vinos_j√≥venes_y_a√±ejos,7.5Vinos j√≥venes y a√±ejos
#Vinos_del_mundo,8Vinos del mundo
#Producci√≥n_mundial,9Producci√≥n mundial
#Comercio_exterior_del_vino,10Comercio exterior del vino
#Evoluci√≥n_de_los_principales_exportadores_de_vino_en_el_mundo,10.1Evoluci√≥n de los principales exportadores de vino en el mundo
#Evoluci√≥n_de_los_principales_importadores_de_vino_en_el_mundo,10.2Evoluci√≥n de los principales importadores de vino en el mundo
#Formas_de_servir_el_vino,11Formas de servir el vino
#Almacenamiento,12Almacenamiento
#Usos_del_vino,13Usos del vino
#Culinarios,13.1Culinarios
#Bebida,13.2Bebida
#Medicinales,13.3Medicinales
#Elaboraci√≥n_de_otras_bebidas,13.4Elaboraci√≥n de otras bebidas
#Religiosos,13.5Religiosos
#Vino_y_salud,14Vino y salud
#Consumo_perjudicial,14.1Consumo perjudicial
#Consumo_beneficioso,14.2Consumo beneficioso
#Aspectos_legales,15Aspectos legales
#Profesiones,16Profesiones
#Vino_en_la_cultura,17Vino en la cultura
#Sociolog√≠a_del_vino,17.1Sociolog√≠a del vino
#Vino_en_el_cine_y_la_televisi√≥n,17.2Vino en el cine y la televisi√≥n
#Vino_en_la_literatura,17.3Vino en la literatura
#Vino_en_la_red,17.4Vino en la red
#Concursos_y_premios,17.5Concursos y premios
#V√©ase_tambi√©n,18V√©ase tambi√©n
#Referencias,19Referencias
#Bibliograf√≠a,20Bibliograf√≠a
#Enlaces_externos,21Enlaces externos
https://af.wikipedia.org/wiki/Wyn,Afrikaans
https://als.wikipedia.org/wiki/Wein,Alemannisch
https://am.wikipedia.org/wiki/%E1%8B%A8%E1%8B%88%E1%8B%AD%E1%8A%95_%E1%8C%A0%E1%8C%85,·ä†·àõ·à≠·äõ
https://an.wikipedia.org/wiki/Vin,Aragon√©s
https://ang.wikipedia.org/wiki/W%C4%ABn,√Ünglisc
https://ar.wikipedia.org/wiki/%D9%86%D8%A8%D9%8A%D8%B0,ÿßŸÑÿπÿ±ÿ®Ÿäÿ©
https://arc.wikipedia.org/wiki/%DC%9A%DC%A1%DC%AA%DC%90_(%DC%AB%DC%AC%DC%9D%DC%90),‹ê‹™‹°‹ù‹ê
https://arz.wikipedia.org/wiki/%D9%86%D8%A8%D9%8A%D8%AA,ŸÖÿµÿ±Ÿâ
https://ast.wikipedia.org/wiki/Vinu,Asturianu
https://awa.wikipedia.org/wiki/%E0%A4%B5%E0%A4%BE%E0%A4%87%E0%A4%A8,‡§Ö‡§µ‡§ß‡•Ä
https://az.wikipedia.org/wiki/%C5%9E%C9%99rab,Az…ôrbaycanca
https://azb.wikipedia.org/wiki/%D8%B4%D8%B1%D8%A7%D8%A8,ÿ™€Üÿ±⁄©ÿ¨Ÿá
https://ba.wikipedia.org/wiki/%D0%A8%D0%B0%D1%80%D0%B0%D0%BF,–ë–∞—à“°–æ—Ä—Ç—Å–∞
https://bar.wikipedia.org/wiki/Wein,Boarisch
https://bat-smg.wikipedia.org/wiki/V%C4%ABns,≈Ωemaitƒó≈°ka
https://bcl.wikipedia.org/wiki/Arak,Bikol Central
https://be.wikipedia.org/wiki/%D0%92%D1%96%D0%BD%D0%BE,–ë–µ–ª–∞—Ä—É—Å–∫–∞—è
https://be-tarask.wikipedia.org/wiki/%D0%92%D1%96%D0%BD%D0%BE,–ë–µ–ª–∞—Ä—É—Å–∫–∞—è (—Ç–∞—Ä–∞—à–∫–µ–≤—ñ—Ü–∞)
https://bg.wikipedia.org/wiki/%D0%92%D0%B8%D0%BD%D0%BE,–ë—ä–ª–≥–∞—Ä—Å–∫–∏
https://bn.wikipedia.org/wiki/%E0%A6%A6%E0%A7%8D%E0%A6%B0%E0%A6%BE%E0%A6%95%E0%A7%8D%E0%A6%B7%E0%A6%BE%E0%A6%B8%E0%A7%81%E0%A6%B0%E0%A6%BE,‡¶¨‡¶æ‡¶Ç‡¶≤‡¶æ
https://br.wikipedia.org/wiki/Gwin,Brezhoneg
https://bs.wikipedia.org/wiki/Vino,Bosanski
https://bxr.wikipedia.org/wiki/%D0%94%D0%B0%D1%80%D2%BB%D0%B0%D0%BD,–ë—É—Ä—è–∞–¥
https://ca.wikipedia.org/wiki/Vi,Catal√†
https://ce.wikipedia.org/wiki/%D0%A7%D0%B0%D0%B3%D3%80%D0%B0%D1%80,–ù–æ—Ö—á–∏–π–Ω
https://ceb.wikipedia.org/wiki/Alak,Cebuano
https://ckb.wikipedia.org/wiki/%D8%B4%DB%95%D8%B1%D8%A7%D8%A8,⁄©Ÿàÿ±ÿØ€å
https://cs.wikipedia.org/wiki/V%C3%ADno,ƒåe≈°tina
https://cv.wikipedia.org/wiki/%D0%AD%D1%80%D0%B5%D1%85,–ß”ë–≤–∞—à–ª–∞
https://cy.wikipedia.org/wiki/Gwin,Cymraeg
https://da.wikipedia.org/wiki/Vin,Dansk
https://de.wikipedia.org/wiki/Wein,Deutsch
https://diq.wikipedia.org/wiki/%C5%9Eerab,Zazaki
https://dsb.wikipedia.org/wiki/Wino,Dolnoserbski
https://dty.wikipedia.org/wiki/%E0%A4%B5%E0%A4%BE%E0%A4%87%E0%A4%A8,‡§°‡•ã‡§ü‡•á‡§≤‡•Ä
https://el.wikipedia.org/wiki/%CE%9A%CF%81%CE%B1%CF%83%CE%AF,ŒïŒªŒªŒ∑ŒΩŒπŒ∫Œ¨
https://eml.wikipedia.org/wiki/V%C3%A9n,Emili√†n e rumagn√≤l
https://en.wikipedia.org/wiki/Wine,English
https://eo.wikipedia.org/wiki/Vino,Esperanto
https://et.wikipedia.org/wiki/Vein,Eesti
https://eu.wikipedia.org/wiki/Ardo,Euskara
https://ext.wikipedia.org/wiki/Vinu,Estreme√±u
https://fa.wikipedia.org/wiki/%D8%B4%D8%B1%D8%A7%D8%A8,ŸÅÿßÿ±ÿ≥€å
https://fi.wikipedia.org/wiki/Viini,Suomi
https://fiu-vro.wikipedia.org/wiki/Vein,V√µro
https://fo.wikipedia.org/wiki/V%C3%ADn,F√∏royskt
https://fr.wikipedia.org/wiki/Vin,Fran√ßais
https://frp.wikipedia.org/wiki/Vin,Arpetan
https://fur.wikipedia.org/wiki/Vin,Furlan
https://fy.wikipedia.org/wiki/Wyn_(drank),Frysk
https://ga.wikipedia.org/wiki/F%C3%ADon,Gaeilge
https://gan.wikipedia.org/wiki/%E8%91%A1%E8%90%84%E9%85%92,Ë¥õË™û
https://gcr.wikipedia.org/wiki/Ven,Kriy√≤l gwiyannen
https://gd.wikipedia.org/wiki/F%C3%ACon,G√†idhlig
https://gl.wikipedia.org/wiki/Vi%C3%B1o,Galego
https://gn.wikipedia.org/wiki/Kaguy,Ava√±e'·∫Ω
https://got.wikipedia.org/wiki/%F0%90%8D%85%F0%90%8C%B4%F0%90%8C%B9%F0%90%8C%BD,êå≤êåøêçÑêåπêçÉêå∫
https://gv.wikipedia.org/wiki/Feeyn,Gaelg
https://he.wikipedia.org/wiki/%D7%99%D7%99%D7%9F,◊¢◊ë◊®◊ô◊™
https://hi.wikipedia.org/wiki/%E0%A4%B9%E0%A4%BE%E0%A4%B2%E0%A4%BE,‡§π‡§ø‡§®‡•ç‡§¶‡•Ä
https://hif.wikipedia.org/wiki/Wine,Fiji Hindi
https://hr.wikipedia.org/wiki/Vino,Hrvatski
https://hsb.wikipedia.org/wiki/Wino,Hornjoserbsce
https://ht.wikipedia.org/wiki/Diven_(non),Krey√≤l ayisyen
https://hu.wikipedia.org/wiki/Bor_(ital),Magyar
https://hy.wikipedia.org/wiki/%D4%B3%D5%AB%D5%B6%D5%AB,’Ä’°’µ’•÷Ä’•’∂
https://hyw.wikipedia.org/wiki/%D4%B3%D5%AB%D5%B6%D5%AB,‘±÷Ä’•÷Ç’¥’ø’°’∞’°’µ’•÷Ä’ß’∂
https://ia.wikipedia.org/wiki/Vino,Interlingua
https://id.wikipedia.org/wiki/Minuman_anggur,Bahasa Indonesia
https://ie.wikipedia.org/wiki/Vin,Interlingue
https://io.wikipedia.org/wiki/Vino,Ido
https://is.wikipedia.org/wiki/V%C3%ADn,√çslenska
https://it.wikipedia.org/wiki/Vino,Italiano
https://ja.wikipedia.org/wiki/%E3%83%AF%E3%82%A4%E3%83%B3,Êó•Êú¨Ë™û
https://jam.wikipedia.org/wiki/Wain,Patois
https://jv.wikipedia.org/wiki/Anggur_(omb%C3%A8n-omb%C3%A8n),Jawa
https://ka.wikipedia.org/wiki/%E1%83%A6%E1%83%95%E1%83%98%E1%83%9C%E1%83%9D,·É•·Éê·É†·Éó·É£·Éö·Éò
https://kaa.wikipedia.org/wiki/Vino,Qaraqalpaqsha
https://kbd.wikipedia.org/wiki/%D0%A1%D0%B0%D0%BD%D1%8D,–ê–¥—ã–≥—ç–±–∑—ç
https://kbp.wikipedia.org/wiki/%C5%8Av%C9%9B%C9%9B_s%CA%8Al%CA%8Am,Kab…©y…õ
https://kk.wikipedia.org/wiki/%D0%A8%D0%B0%D1%80%D0%B0%D0%BF,“ö–∞–∑–∞“õ—à–∞
https://km.wikipedia.org/wiki/%E1%9E%9F%E1%9F%92%E1%9E%9A%E1%9E%B6,·ûó·û∂·ûü·û∂·ûÅ·üí·ûò·üÇ·ûö
https://ko.wikipedia.org/wiki/%ED%8F%AC%EB%8F%84%EC%A3%BC,ÌïúÍµ≠Ïñ¥
https://krc.wikipedia.org/wiki/%D0%A7%D0%B0%D0%B3%D1%8A%D1%8B%D1%80,–ö—ä–∞—Ä–∞—á–∞–π-–º–∞–ª–∫—ä–∞—Ä
https://ku.wikipedia.org/wiki/%C5%9Eerab,Kurd√Æ
https://kw.wikipedia.org/wiki/Gwin,Kernowek
https://ky.wikipedia.org/wiki/%D0%A8%D0%B0%D1%80%D0%B0%D0%BF,–ö—ã—Ä–≥—ã–∑—á–∞
https://la.wikipedia.org/wiki/Vinum,Latina
https://lad.wikipedia.org/wiki/Vino,Ladino
https://lb.wikipedia.org/wiki/W%C3%A4in,L√´tzebuergesch
https://lbe.wikipedia.org/wiki/%D0%A7%D0%B0%D1%85%D0%B8%D1%80,–õ–∞–∫–∫—É
https://lfn.wikipedia.org/wiki/Vino,Lingua Franca Nova
https://li.wikipedia.org/wiki/Wien,Limburgs
https://lij.wikipedia.org/wiki/Vin,Ligure
https://lmo.wikipedia.org/wiki/Vin,Lombard
https://lt.wikipedia.org/wiki/Vynas,Lietuvi≈≥
https://lv.wikipedia.org/wiki/V%C4%ABns,Latvie≈°u
https://mai.wikipedia.org/wiki/%E0%A4%B5%E0%A4%BE%E0%A4%87%E0%A4%A8,‡§Æ‡•à‡§•‡§ø‡§≤‡•Ä
https://mg.wikipedia.org/wiki/Divay,Malagasy
https://min.wikipedia.org/wiki/Anggur_(minuman),Minangkabau
https://mk.wikipedia.org/wiki/%D0%92%D0%B8%D0%BD%D0%BE,–ú–∞–∫–µ–¥–æ–Ω—Å–∫–∏
https://ml.wikipedia.org/wiki/%E0%B4%B5%E0%B5%80%E0%B4%9E%E0%B5%8D%E0%B4%9E%E0%B5%8D,‡¥Æ‡¥≤‡¥Ø‡¥æ‡¥≥‡¥Ç
https://mn.wikipedia.org/wiki/%D0%94%D0%B0%D1%80%D1%81,–ú–æ–Ω–≥–æ–ª
https://mr.wikipedia.org/wiki/%E0%A4%B5%E0%A4%BE%E0%A4%88%E0%A4%A8,‡§Æ‡§∞‡§æ‡§†‡•Ä
https://ms.wikipedia.org/wiki/Wain,Bahasa Melayu
https://mwl.wikipedia.org/wiki/Bino,Mirand√©s
https://my.wikipedia.org/wiki/%E1%80%9D%E1%80%AD%E1%80%AF%E1%80%84%E1%80%BA_(%E1%80%A1%E1%80%9B%E1%80%80%E1%80%BA),·Äô·Äº·Äî·Ä∫·Äô·Ä¨·Äò·Ä¨·Äû·Ä¨
https://nap.wikipedia.org/wiki/Vino,Napulitano
https://nds.wikipedia.org/wiki/Wien_(Drunk),Plattd√º√ºtsch
https://nds-nl.wikipedia.org/wiki/Wien,Nedersaksies
https://ne.wikipedia.org/wiki/%E0%A4%B5%E0%A4%BE%E0%A4%87%E0%A4%A8,‡§®‡•á‡§™‡§æ‡§≤‡•Ä
https://nl.wikipedia.org/wiki/Wijn,Nederlands
https://nn.wikipedia.org/wiki/Vin,Norsk nynorsk
https://no.wikipedia.org/wiki/Vin,Norsk bokm√•l
https://nrm.wikipedia.org/wiki/Vin,Nouormand
https://oc.wikipedia.org/wiki/Vin,Occitan
https://os.wikipedia.org/wiki/%D0%A1%C3%A6%D0%BD,–ò—Ä–æ–Ω
https://pa.wikipedia.org/wiki/%E0%A8%B5%E0%A8%BE%E0%A8%88%E0%A8%A8,‡®™‡©∞‡®ú‡®æ‡®¨‡©Ä
https://pcd.wikipedia.org/wiki/Vin,Picard
https://pfl.wikipedia.org/wiki/Wein,P√§lzisch
https://pl.wikipedia.org/wiki/Wino,Polski
https://pms.wikipedia.org/wiki/Vin,Piemont√®is
https://pnb.wikipedia.org/wiki/%D8%B4%D8%B1%D8%A7%D8%A8,ŸæŸÜÿ¨ÿßÿ®€å
https://ps.wikipedia.org/wiki/%D8%B4%D8%B1%D8%A7%D8%A8,Ÿæ⁄öÿ™Ÿà
https://pt.wikipedia.org/wiki/Vinho,Portugu√™s
https://qu.wikipedia.org/wiki/Winu,Runa Simi
https://ro.wikipedia.org/wiki/Vin,Rom√¢nƒÉ
https://ru.wikipedia.org/wiki/%D0%92%D0%B8%D0%BD%D0%BE,–†—É—Å—Å–∫–∏–π
https://rue.wikipedia.org/wiki/%D0%92%D0%B8%D0%BD%D0%BE,–†—É—Å–∏–Ω—å—Å–∫—ã–π
https://sah.wikipedia.org/wiki/%D0%92%D0%B8%D0%BD%D0%BE,–°–∞—Ö–∞ —Ç—ã–ª–∞
https://sc.wikipedia.org/wiki/Binu,Sardu
https://scn.wikipedia.org/wiki/Vinu,Sicilianu
https://sco.wikipedia.org/wiki/Wine,Scots
https://sd.wikipedia.org/wiki/%D8%B4%D8%B1%D8%A7%D8%A8,ÿ≥ŸÜ⁄åŸä
https://se.wikipedia.org/wiki/Viidna,Davvis√°megiella
https://sh.wikipedia.org/wiki/Vino,Srpskohrvatski / —Å—Ä–ø—Å–∫–æ—Ö—Ä–≤–∞—Ç—Å–∫–∏
https://simple.wikipedia.org/wiki/Wine,Simple English
https://sk.wikipedia.org/wiki/V%C3%ADno,Slovenƒçina
https://sl.wikipedia.org/wiki/Vino,Sloven≈°ƒçina
https://sn.wikipedia.org/wiki/Wayini,ChiShona
https://sq.wikipedia.org/wiki/Vera_(pije_alkoolike),Shqip
https://sr.wikipedia.org/wiki/%D0%92%D0%B8%D0%BD%D0%BE,–°—Ä–ø—Å–∫–∏ / srpski
https://su.wikipedia.org/wiki/Anggur_(inuman),Sunda
https://sv.wikipedia.org/wiki/Vin,Svenska
https://sw.wikipedia.org/wiki/Divai,Kiswahili
https://szl.wikipedia.org/wiki/Wino_(nap%C5%8Fwek),≈öl≈Ønski
https://ta.wikipedia.org/wiki/%E0%AE%B5%E0%AF%88%E0%AE%A9%E0%AF%8D,‡Æ§‡ÆÆ‡Æø‡Æ¥‡Øç
https://te.wikipedia.org/wiki/%E0%B0%B5%E0%B1%88%E0%B0%A8%E0%B1%8D,‡∞§‡±Ü‡∞≤‡±Å‡∞ó‡±Å
https://tg.wikipedia.org/wiki/%D0%91%D0%BE%D0%B4%D0%B0,–¢–æ“∑–∏–∫”£
https://th.wikipedia.org/wiki/%E0%B9%84%E0%B8%A7%E0%B8%99%E0%B9%8C,‡πÑ‡∏ó‡∏¢
https://tl.wikipedia.org/wiki/Alak,Tagalog
https://tr.wikipedia.org/wiki/%C5%9Earap,T√ºrk√ße
https://tt.wikipedia.org/wiki/%D0%A8%D3%99%D1%80%D0%B0%D0%B1,–¢–∞—Ç–∞—Ä—á–∞ / tatar√ßa
https://tum.wikipedia.org/wiki/Vinyo,ChiTumbuka
https://tw.wikipedia.org/wiki/Bobesa,Twi
https://tyv.wikipedia.org/wiki/%D0%92%D0%B8%D0%BD%D0%BE,–¢—ã–≤–∞ –¥—ã–ª
https://ug.wikipedia.org/wiki/%DB%8B%D9%89%D9%86%D9%88,ÿ¶€áŸäÿ∫€áÿ±⁄Ü€ï / Uyghurche
https://uk.wikipedia.org/wiki/%D0%92%D0%B8%D0%BD%D0%BE,–£–∫—Ä–∞—ó–Ω—Å—å–∫–∞
https://ur.wikipedia.org/wiki/%D8%B4%D8%B1%D8%A7%D8%A8,ÿßÿ±ÿØŸà
https://uz.wikipedia.org/wiki/Sharob,O ªzbekcha / —û–∑–±–µ–∫—á–∞
https://vec.wikipedia.org/wiki/Vin,V√®neto
https://vep.wikipedia.org/wiki/Vin,Veps√§n kel‚Äô
https://vi.wikipedia.org/wiki/R%C6%B0%E1%BB%A3u_vang,Ti·∫øng Vi·ªát
https://vls.wikipedia.org/wiki/Wyn,West-Vlams
https://wa.wikipedia.org/wiki/V%C3%A9n,Walon
https://war.wikipedia.org/wiki/Bino,Winaray
https://wuu.wikipedia.org/wiki/%E8%91%A1%E8%90%84%E9%85%92,Âê¥ËØ≠
https://xmf.wikipedia.org/wiki/%E1%83%A6%E1%83%95%E1%83%98%E1%83%9C%E1%83%98,·Éõ·Éê·É†·Éí·Éê·Éö·É£·É†·Éò
https://yi.wikipedia.org/wiki/%D7%95%D7%95%D7%99%D7%99%D7%9F,◊ô◊ô÷¥◊ì◊ô◊©
https://za.wikipedia.org/wiki/Laeuj_Makit,Vahcuengh
https://zh.wikipedia.org/wiki/%E8%91%A1%E8%90%84%E9%85%92,‰∏≠Êñá
https://zh-min-nan.wikipedia.org/wiki/Ph%C3%B4-t%C3%B4-chi%C3%BA,B√¢n-l√¢m-g√∫
https://zh-yue.wikipedia.org/wiki/%E8%91%A1%E8%90%84%E9%85%92,Á≤µË™û
https://www.wikidata.org/wiki/Special:EntityPage/Q282#sitelinks-wikipedia,Editar enlaces
/wiki/Vino,Art√≠culo
/wiki/Discusi%C3%B3n:Vino,Discusi√≥n
/wiki/Vino,Leer
/w/index.php?title=Vino&action=edit,Editar
/w/index.php?title=Vino&action=history,Ver historial
/wiki/Vino,Leer
/w/index.php?title=Vino&action=edit,Editar
/w/index.php?title=Vino&action=history,Ver historial
/wiki/Especial:LoQueEnlazaAqu%C3%AD/Vino,Lo que enlaza aqu√≠
/wiki/Especial:CambiosEnEnlazadas/Vino,Cambios en enlazadas
//commons.wikimedia.org/wiki/Special:UploadWizard?uselang=es,Subir archivo
/wiki/Especial:P%C3%A1ginasEspeciales,P√°ginas especiales
/w/index.php?title=Vino&oldid=157556584,Enlace permanente
/w/index.php?title=Vino&action=info,Informaci√≥n de la p√°gina
/w/index.php?title=Especial:Citar&page=Vino&id=157556584&wpFormIdentifier=titleform,Citar esta p√°gina
/w/index.php?title=Especial:Acortador_de_URL&url=https%3A%2F%2Fes.wikipedia.org%2Fwiki%2FVino,Obtener URL acortado
https://www.wikidata.org/wiki/Special:EntityPage/Q282,Elemento de Wikidata
/w/index.php?title=Especial:Libro&bookcmd=book_creator&referer=Vino,Crear un libro
/w/index.php?title=Especial:DownloadAsPdf&page=Vino&action=show-download-screen,Descargar como PDF
/w/index.php?title=Vino&printable=yes,Versi√≥n para imprimir
https://commons.wikimedia.org/wiki/Wine,Wikimedia Commons
https://es.wikiquote.org/wiki/Vino,Wikiquote
//es.wikipedia.org/wiki/Portal:Vino,
/wiki/Archivo:Red_and_white_wine_12-2015.jpg,
/wiki/Vino_tinto,tinto
/wiki/Vino_blanco,blanco
/wiki/Vino_rosado,rosado
/wiki/Vino_brisado,brisado
/wiki/Vino_espumoso,espumoso
/wiki/Vino_de_postre,de postre
/wiki/Anexo:Tipos_de_vino,Tipos de vino
/wiki/Mosto,mosto
/wiki/Verm%C3%BA,verm√∫
/wiki/Vinagre,vinagre
/wiki/Orujo,orujo
/wiki/Pisco_(aguardiente),pisco
/wiki/Bebida_alcoh%C3%B3lica,bebida alcoh√≥lica
/wiki/Uva,uva
/wiki/Vitis,Vitis
/wiki/Graduaci%C3%B3n_alcoh%C3%B3lica,Graduaci√≥n alcoh√≥lica
/wiki/Copa_de_vino,copa de vino
https://www.wikidata.org/wiki/Q282,editar datos en Wikidata
/wiki/Lat%C3%ADn,lat√≠n
/wiki/Bebida_alcoh%C3%B3lica,bebida
/wiki/Uva,uva
/wiki/Vitis_vinifera,Vitis vinifera
/wiki/Fermentaci%C3%B3n_alcoh%C3%B3lica,fermentaci√≥n alcoh√≥lica
/wiki/Mosto,mosto
#cite_note-Oxford-1,[1]
/wiki/Fermentaci%C3%B3n,fermentaci√≥n
/wiki/Levadura,levaduras
/wiki/Az%C3%BAcares,az√∫cares
/wiki/Etanol,etanol
/wiki/Gas,gas
/wiki/Di%C3%B3xido_de_carbono,di√≥xido de carbono
/wiki/Az%C3%BAcar,az√∫car
/wiki/Clima,clima
/wiki/Latitud,latitud
/wiki/Altitud,altitud
/wiki/Temperatura,temperatura
#cite_note-Weyer-2,[2]
/wiki/Uva,uva
/wiki/Fruta,fruta
#cite_note-OIV-3,[3]
#cite_note-Kym-4,[4]
/wiki/Clima_mediterr%C3%A1neo,clima mediterr√°neo
/wiki/Italia,Italia
/wiki/Francia,Francia
/wiki/Espa%C3%B1a,Espa√±a
#cite_note-BM-5,[5]
/wiki/Rioja_(vino),Rioja
/wiki/La_Mancha,La Mancha
/wiki/Albari%C3%B1o,Albari√±o
/wiki/Oporto_(vino),Oporto
/wiki/Fermentaci%C3%B3n_alcoh%C3%B3lica,fermentaci√≥n alcoh√≥lica
/wiki/Zumo,zumo
/wiki/Vitis_vinifera,Vitis vinifera
/wiki/Vitis_labrusca,Vitis labrusca
/wiki/Vitis_rupestris,Vitis rupestris
/wiki/Ciencia,ciencia
/wiki/Enolog%C3%ADa,enolog√≠a
/wiki/Biolog%C3%ADa,biolog√≠a
/wiki/Ampelolog%C3%ADa,ampelolog√≠a
#cite_note-Oxford-1,[1]
/w/index.php?title=Vino&action=edit&section=1,editar
/wiki/Asia_Occidental,Asia Occidental
/wiki/Familia_indoeuropea,familia indoeuropea
/wiki/Lenguas_semitas,lenguas semitas
/wiki/Idioma_%C3%A1rabe,√°rabe
/wiki/Idioma_amh%C3%A1rico,et√≠ope
/wiki/Idioma_acadio,asirio
/wiki/Idioma_hebreo,hebreo
/wiki/Lenguas_kartvelianas,lenguas kartvelianas
/wiki/C%C3%A1ucaso,C√°ucaso
/wiki/Idioma_georgiano,georgiano
/wiki/Lenguas_indoeuropeas,lenguas indoeuropeas
/wiki/Idioma_hitita,hitita
/wiki/Idioma_luvita,luvita
/wiki/Idioma_armenio,armenio
/wiki/Idioma_griego,griego
/wiki/Idioma_alban%C3%A9s,alban√©s
/wiki/Lat%C3%ADn,lat√≠n
/wiki/Idioma_espa%C3%B1ol,castellano
/wiki/Lenguas_celtas,celta
/wiki/Idioma_irland%C3%A9s_antiguo,irland√©s antiguo
/wiki/Idioma_galo,galo
/wiki/Lenguas_germ%C3%A1nicas,germ√°nico
/wiki/Idioma_g%C3%B3tico,idioma g√≥tico
/wiki/Idioma_alem%C3%A1n,alem√°n
/wiki/Idioma_ingl%C3%A9s,ingl√©s
/wiki/Lenguas_eslavas,eslavo
/wiki/Eslavo_antiguo,eslavo antiguo
/wiki/Idioma_ruso,ruso
/wiki/Idioma_lituano,lituano
/wiki/Wikipedia:Verificabilidad,cita¬†requerida
/wiki/S%C3%A1nscrito,s√°nscrita
/wiki/Venus_(mitolog%C3%ADa),Venus
/wiki/Venera_(molusco),Venera
/wiki/Afrodis%C3%ADaco,afrodis√≠acos
#cite_note-6,[6]
/w/index.php?title=Vino&action=edit&section=2,editar
/wiki/Historia_del_vino,Historia del vino
/wiki/Archivo:Tomb_of_Nakht_(13).jpg,
/wiki/Antiguo_Egipto,Antiguo Egipto
/wiki/Archivo:Celler_-_Museu_Rom%C3%A0ntic_Can_Papiol_-_Vilanova_i_La_Geltr%C3%BA_-_4.jpg,
/wiki/Neol%C3%ADtico,Neol√≠tico
/wiki/Montes_Zagros,montes Zagros
/wiki/Irak,Irak
/wiki/Ir%C3%A1n,Ir√°n
/wiki/Vitis_vinifera,Vitis vinifera sylvestris
/wiki/Hajji_Firuz_Tepe,Hajji Firuz Tepe
#cite_note-7,[7]
/wiki/Georgia,Georgia
#cite_note-8,[8]
#cite_note-9,[9]
/wiki/Anatolia,Anatolia
/wiki/Grecia,Grecia
/wiki/Egipto,Egipto
/wiki/Bahariya,Bahariya
/wiki/Imperio_Medio,Imperio Medio
/wiki/Hes%C3%ADodo,Hes√≠odo
#cite_note-10,[10]
/wiki/Cabra_(animal),cabra
#cite_note-11,[11]
/wiki/Antiguo_Egipto,Egipto
/wiki/Antigua_Grecia,Grecia
/wiki/Antigua_Roma,Roma
/wiki/Dioniso,Dioniso
/wiki/Baco,Baco
#cite_note-12,[12]
/wiki/China_(regi%C3%B3n),China
/wiki/Cristianismo,cristianismo
/wiki/Misa,misa
/wiki/Monasterio,monasterios
/wiki/Vinicultura,vinicultura
/wiki/Prior,prior
#cite_note-13,[13]
/w/index.php?title=Vino&action=edit&section=3,editar
/wiki/Vitis_vinifera,Vitis vinifera
/wiki/Archivo:Grapevine_964_(PSF).png,
/wiki/Vid,vid
/wiki/Europa,Europa
/wiki/Vitis_vinifera,Vitis vinifera L
/wiki/Bot%C3%A1nico,bot√°nico
/wiki/Vidu%C3%B1o,vidu√±os
#cite_note-14,[14]
/wiki/Vitis_vinifera,V. vinifera
/wiki/Riesling,Riesling
/wiki/Moscatel_(uva),Moscatel
/wiki/Cari%C3%B1ena,Cari√±ena
/wiki/Malvas%C3%ADa_(uva),Malvas√≠a
#cite_note-15,[15]
/wiki/Diccionario,diccionario
/wiki/Real_Academia_Espa%C3%B1ola,Real Academia Espa√±ola
/wiki/Vidue%C3%B1o,vidue√±o
/wiki/Tempranillo_(uva),Tempranillo
/wiki/Pasa,pasas
#cite_note-16,[16]
#cite_note-17,[17]
/w/index.php?title=Vino&action=edit&section=4,editar
/wiki/Griego_antiguo,griega
/w/index.php?title=Gonzalo_del_Cerro_Calder%C3%B3n&action=edit&redlink=1,Gonzalo del Cerro Calder√≥n
/wiki/Ampelograf%C3%ADa,Ampelograf√≠a
/wiki/Ampelolog%C3%ADa,ampelolog√≠a
#cite_note-18,[18]
/w/index.php?title=Alexis_Lichine&action=edit&redlink=1,Alexis Lichine
#cite_note-19,[19]
#cite_note-20,[20]
#cite_note-21,[21]
/wiki/Enolog%C3%ADa,enolog√≠a
#cite_note-22,[22]
/wiki/Cari%C3%B1ena_(uva),Cari√±ena
/wiki/Dactylosphaera_vitifoliae,filoxera
/wiki/Portainjerto,portainjerto
/wiki/Marco_de_Jerez,vidu√±os jerezanos
/wiki/Palomino_fino,Palomino fino
/wiki/Uva_Pedro_Xim%C3%A9nez,Pedro Xim√©nez
#cite_note-23,[23]
/wiki/Familia_(biolog%C3%ADa),familia
/wiki/Vitaceae,vitaceae
/wiki/G%C3%A9nero_(biolog%C3%ADa),g√©neros
/wiki/Vitis,Vitis
/wiki/Especie,especies
/wiki/Indoeuropea,indoeuropeo
#cite_note-McGovern-24,[24]
/wiki/Vitis_labrusca,V.labrusca
/wiki/V._riparia,V. riparia
/w/index.php?title=V._aestivalis&action=edit&redlink=1,V. aestivalis
/wiki/Vitis_rotundifolia,v. rotundifolia
#cite_note-Bird-25,[25]
/wiki/Injerto,injerto
/wiki/Plaga,plagas
/wiki/Europa,Europa
/wiki/Aphidoidea,√°fida
/wiki/Phylloxera,Phylloxera vastratix
#cite_note-Staiger-26,[26]
/w/index.php?title=Vino&action=edit&section=5,editar
/wiki/Latitud,latitudes
/wiki/Isoterma,isotermas
#cite_note-Ronald-27,[27]
/wiki/Clima_mediterr%C3%A1neo,clima mediterr√°neo
/wiki/Clima_subtropical,climas subtropicales
/wiki/Microclima,microclimas
/wiki/Organizaci%C3%B3n_Internacional_de_la_Vi%C3%B1a_y_el_Vino,Organizaci√≥n Internacional de la Vi√±a y el Vino
/wiki/Archivo:Copas_para_brindar_con_una_bruja_lou.jpg,
#cite_note-28,[28]
/wiki/Rioja_(vino),Rioja
/wiki/Cari%C3%B1ena_(vino),Cari√±ena
#cite_note-29,[29]
#cite_note-30,[30]
#cite_note-31,[31]
/w/index.php?title=Vino&action=edit&section=6,editar
/wiki/Archivo:Raisin_noir_%C3%A0_jus_blanc.png,
/wiki/Endocarpio,Primera zona
/wiki/%C3%81cido_m%C3%A1lico,√°cido m√°lico
/wiki/Gluconeog%C3%A9nesis,gluconeog√©nesis
/wiki/Mesocarpio,Segunda zona
/wiki/%C3%81cido_tart%C3%A1rico,√°cido tart√°rico
/wiki/Exocarpio,Tercera zona
/wiki/Polifenol,polifenoles
/wiki/Tanino,taninos
/wiki/Antocianina,antocianinas
/wiki/Propiedades_organol%C3%A9pticas,propiedades organol√©pticas
/w/index.php?title=Vino&action=edit&section=7,editar
/wiki/Ciclo_del_carbono,ciclo del carbono
/wiki/Fotos%C3%ADntesis,fotos√≠ntesis
/wiki/Az%C3%BAcares,az√∫cares
/wiki/Absorci%C3%B3n_(qu%C3%ADmica),absorber
/wiki/Sales_minerales,minerales
/wiki/Potasio,potasio
/wiki/Refract%C3%B3metro,refract√≥metro
/wiki/Grado_Brix,grados Brix
/wiki/Luz,luz
/wiki/P%C3%A9rgola,p√©rgola
/wiki/Envero,envero
/wiki/Vendimia,vendimia
/wiki/Polifenol,polifenoles
#cite_note-32,[32]
#cite_note-33,[33]
/wiki/Columela,Columela
/w/index.php?title=Vino&action=edit&section=8,editar
/wiki/Producci%C3%B3n_del_vino,Producci√≥n del vino
/wiki/Archivo:Pressoir_epi.jpg,
/wiki/Fermentaci%C3%B3n,anaer√≥bico
/wiki/Ox%C3%ADgeno,ox√≠geno
/wiki/Vendimia,vendimia
/w/index.php?title=Vino&action=edit&section=9,editar
/wiki/Mosto,mosto
/wiki/Zumo,zumo
/wiki/Cat%C3%B3n_el_Viejo,Cat√≥n
/wiki/Prensa_hidr%C3%A1ulica,prensas
/wiki/Husillo_de_extrusi%C3%B3n,husillo
/w/index.php?title=Prensa_neum%C3%A1tica&action=edit&redlink=1,prensas neum√°ticas
/wiki/Tallo,tallos
/wiki/Racimo,racimos
/wiki/Vino_blanco,vinos blancos
/wiki/Antocianina,antocianinas
/wiki/Vino_tinto,vinos tintos
/wiki/Vino_marsala,marsala
/wiki/Mistela,mistela
/wiki/Denominaci%C3%B3n_de_Origen_M%C3%A1laga_y_Sierras_de_M%C3%A1laga,vino de M√°laga
/w/index.php?title=Vino&action=edit&section=10,editar
/wiki/Archivo:Red_wine_cap.jpg,
/wiki/Levadura,levaduras
/wiki/G%C3%A9nero_(biolog%C3%ADa),g√©nero
/wiki/Saccharomyces,Saccharomyces
/wiki/Saccharomyces_cerevisiae,S. cerevisiae
/wiki/Saccharomyces_bayanus,S. bayanus
/wiki/Jerez_(vino),vino de jerez
/wiki/PH,pH
/wiki/Di%C3%B3xido_de_azufre,di√≥xido de azufre
/wiki/Acero_inoxidable,acero inoxidable
/wiki/PH,pH
/wiki/Di%C3%B3xido_de_azufre,SO2
/wiki/Crecimiento_exponencial,crecimiento exponencial
/wiki/Densidad_de_poblaci%C3%B3n,densidad de poblaci√≥n
/wiki/Cent%C3%ADmetro_c%C3%BAbico,cent√≠metro c√∫bico
/wiki/Velocidad_de_reacci%C3%B3n,velocidad
#cite_note-34,[34]
#cite_note-35,[35]
/wiki/Densidad,densidad
/wiki/Picn%C3%B3metro,picn√≥metro
/wiki/Temperatura,temperatura
#cite_note-36,[36]
/wiki/Micronutriente,micronutriente
/wiki/Vitamina,vitaminas
#cite_note-37,[37]
/wiki/%C3%81cidos_grasos,√°cidos grasos
#cite_note-Gayon-38,[38]
/w/index.php?title=Levadura_asesina&action=edit&redlink=1,levaduras asesinas
/wiki/Polip%C3%A9ptido,polip√©ptidos
/wiki/Virus_ARN_bicatenario,virus ARN bicatenario
#cite_note-39,[39]
/wiki/Fungicida,fungicidas
/wiki/Pesticida,pesticidas
/wiki/Archivo:VINO18.jpg,
/wiki/Alcal%C3%A1_la_Real,Alcal√° la Real
/wiki/Provincia_de_Ja%C3%A9n_(Espa%C3%B1a),Ja√©n
/wiki/Espa%C3%B1a,Espa√±a
/wiki/Grupo_fosfato,ion fosfato
/wiki/Fosfato_diam%C3%B3nico,fosfato diam√≥nico
/wiki/Fosfatos,fosfatos
/w/index.php?title=Sales_amoniacales&action=edit&redlink=1,sales amoniacales
/wiki/Maceraci%C3%B3n_carb%C3%B3nica,maceraci√≥n carb√≥nica
/wiki/Tanino,taninos
/wiki/Beaujolais_nouveau,Beaujolais nouveau
/w/index.php?title=Vino&action=edit&section=11,editar
/wiki/Fermentaci%C3%B3n_malol%C3%A1ctica,Fermentaci√≥n malol√°ctica
/wiki/Fermentaci%C3%B3n_malol%C3%A1ctica,fermentaci√≥n malol√°ctica
/wiki/Cultivos_l%C3%A1cticos,bacterias l√°cticas
/wiki/%C3%81cido_m%C3%A1lico,√°cido m√°lico
/wiki/%C3%81cido_l%C3%A1ctico,√°cido l√°ctico
#cite_note-40,[40]
/wiki/Pasteur,Pasteur
#cite_note-41,[41]
/wiki/Lactobacillus,bacterias l√°cticas
/wiki/Lactobacillus,Lactobacillus
/wiki/Pediococcus,Pediococcus
/wiki/Leuconostoc,Leuconostoc
/wiki/PH,pH
/wiki/%C3%81cido_fum%C3%A1rico,√°cido fum√°rico
/wiki/%C3%81cidos_grasos,√°cidos grasos
#cite_note-Claudio-42,[42]
#cite_note-43,[43]
/wiki/Sabor_%C3%A1cido,acidez
/wiki/Valoraci%C3%B3n_qu%C3%ADmica,acidez titulable
/wiki/%C3%89ster,√©steres
"/wiki/2,3-butanodiol","2,3-butanodiol"
/w/index.php?title=Vino&action=edit&section=12,editar
/w/index.php?title=M%C3%A9thode_traditionnelle&action=edit&redlink=1,M√©thode traditionnelle
/wiki/Vino_espumoso,vinos espumosos
#cite_note-Jean-44,[44]
/wiki/Champ%C3%A1n,champ√°n
/wiki/Cava,cava
#cite_note-45,[45]
/wiki/Vinho_verde,vinho verde
/wiki/Di%C3%B3xido_de_carbono,di√≥xido de carbono
/wiki/Burbuja,burbujas
/w/index.php?title=Vino&action=edit&section=13,editar
/wiki/Archivo:Wine_barrels_in_La_Rioja.jpg,
/wiki/La_Rioja_(Espa%C3%B1a),La Rioja
/wiki/Espa%C3%B1a,Espa√±a
/wiki/Antiguo_Egipto,antiguo Egipto
/wiki/%C3%81nfora,√°nforas
/wiki/Barril,barriles
/wiki/Roble,roble
/wiki/Quercus_suber,Quercus suber
/w/index.php?title=Tilosa&action=edit&redlink=1,tilosas
/wiki/Celulosa,celulosa
/wiki/Hemicelulosa,hemicelulosa
/wiki/Lignina,lignina
/wiki/Elagitanino,elagitaninos
#cite_note-46,[46]
/wiki/Barrica_de_roble,barrica de roble
#cite_note-47,[47]
#cite_note-Bird-25,[25]
/wiki/Microoxigenaci%C3%B3n,microoxigenaci√≥n
#cite_note-Goode-48,[48]
/wiki/Acoplamiento_oxidativo,acoplamiento oxidativo
/wiki/Criaderas_y_soleras,criaderas
/wiki/Fino,fino
/wiki/Amontillado,amontillado
/wiki/Oloroso,oloroso
/wiki/Marco_de_Jerez,Jerez
/wiki/Montilla-Moriles,Montilla-Moriles
/wiki/Verm%C3%BA,verm√∫
/wiki/Artemisia_absinthium,artemisia absinthium
#cite_note-Vernon-49,[49]
/wiki/Flavonoides,flavonoides
/wiki/Pigmento,pigmentos
/wiki/Vainillina,vainillina
/wiki/Lignina,lignina
/wiki/Quercus_alba,Quercus alba
/wiki/Quercus_bicolor,Quercus bicolor
/wiki/Quercus_macrocarpa,Quercus macrocarpa
/wiki/Quercus_robur,Quercus robur
/w/index.php?title=Vino&action=edit&section=14,editar
/wiki/Botella_de_vino,Botella de vino
/wiki/Botella_de_vino,botellas de vino
/wiki/Bocksbeutel,bocksbeutel
/wiki/Enfermedad_de_la_botella,enfermedad de la botella
/wiki/Defectos_del_vino,defectos del vino
/wiki/Dimetil_sulf%C3%B3xido,dimetil sulfido
#cite_note-Yair-50,[50]
/wiki/Corcho,corcho
/w/index.php?title=Vino&action=edit&section=15,editar
#cite_note-Yair-50,[50]
/wiki/Glicerina,glicerina
/wiki/Tanino,taninos
/wiki/Conservante,conservante natural
#cite_note-Windows-51,[51]
/wiki/Aljarafe,Aljarafe
/wiki/Mosto,mosto
/w/index.php?title=Aditivos_del_vino&action=edit&redlink=1,aditivos del vino
/wiki/Antioxidante,agentes antioxidantes
/wiki/%C3%81cido_asc%C3%B3rbico,√°cido asc√≥rbico
/wiki/%C3%81cido_s%C3%B3rbico,√°cido s√≥rbico
/wiki/Sorbatos,sorbatos
/wiki/%C3%81cido_benzoico,√°cido benzoico
/wiki/%C3%81cido_fum%C3%A1rico,√°cido fum√°rico
/wiki/Cal%C3%B3rico,cal√≥rico
#cite_note-52,[52]
/w/index.php?title=Vino&action=edit&section=16,editar
/wiki/Glucosa,glucosa
/wiki/Fructosa,fructosa
/wiki/Grado_Brix,Brix
/wiki/Escala_Baum%C3%A9,Baum√©
/wiki/Arabinosa,arabinosa
/wiki/Ramnosa,ramnosa
/wiki/Xilosa,xilosa
/wiki/Gluc%C3%B3sidos,gluc√≥sidos
#cite_note-Claudio-42,[42]
/wiki/Paladar,paladar
/wiki/Sabor_dulce,sabor dulce
/wiki/Sabor_dulce,sabor dulce
#cite_note-Ronald-27,[27]
#cite_note-Claudio-42,[42]
/wiki/Melanoidina,melanoidina
/wiki/Jerez_(vino),jerez
/wiki/Madeira,madeiras
/wiki/Reacci%C3%B3n_de_Maillard,reacci√≥n de Maillard
#cite_note-Rivero-53,[53]
/w/index.php?title=Vino&action=edit&section=17,editar
/wiki/Fermentaci%C3%B3n_alcoh%C3%B3lica,Fermentaci√≥n alcoh√≥lica
/wiki/Archivo:Henri_de_Toulouse-Lautrec_001.jpg,
/wiki/Alcoholismo,alcoholismo
/wiki/Fermentaci%C3%B3n_alcoh%C3%B3lica,fermentaci√≥n alcoh√≥lica
/wiki/Respiraci%C3%B3n_anaer%C3%B3bica,proceso metab√≥lico anaer√≥bico
/wiki/Levadura,levaduras
/wiki/Saccharomyces_cerevissiae,Saccharomyces
/wiki/Etanol,etanol
/wiki/Carbono,C
/wiki/Hidr%C3%B3geno,H
/wiki/Carbono,C
/wiki/Hidr%C3%B3geno,H
/wiki/Hidroxilo,OH
/wiki/Disoluci%C3%B3n,disoluci√≥n
/wiki/Vino_de_mesa,vinos de mesa
/wiki/Vino_espumoso,espumosos
/wiki/Jerez_(vino),jerez
/wiki/Oporto,oporto
/wiki/Vinos_de_postre,vinos de postre
/wiki/Punto_de_ebullici%C3%B3n,punto de ebullici√≥n
#cite_note-Claudio-42,[42]
/wiki/Metanol,alcohol met√≠lico
/wiki/Carbono,C
/wiki/Hidr%C3%B3geno,H
/wiki/Hidroxilo,OH
#cite_note-Bird-25,[25]
/wiki/Pectina,pectinas
/wiki/Hidrolasa,acci√≥n enzim√°tica
#cite_note-Gnekow-54,[54]
/wiki/Partes_por_mill%C3%B3n,ppm
#cite_note-55,[55]
#cite_note-Gnekow-54,[54]
#cite_note-56,[56]
/wiki/Archivo:Verre_de_vin.jpg,
/wiki/Glicerol,glicerina
/wiki/Polialcohol,polialcoholes
/wiki/Glicerol,glicerol
/wiki/Alcohol,alcohol
#cite_note-Sponholz-57,[57]
#cite_note-Sponholz-57,[57]
/wiki/Botrytis_cinerea,Botrytis cinerea
#cite_note-Yair-50,[50]
/wiki/Sabor_dulce,sabor dulce
/wiki/Glucosa,glucosa
/wiki/L%C3%A1grima,l√°grimas
/wiki/Eritritol,eritritol
/w/index.php?title=Kloeckera_apiculata&action=edit&redlink=1,kloeckera apiculata
#cite_note-Sponholz-57,[57]
/wiki/Arabitol,arabitol
/wiki/Manitol,manitol
/wiki/Sorbitol,sorbitol
/wiki/Inositol,inositol
/wiki/Podredumbre_noble,podredumbre noble
/w/index.php?title=Vino&action=edit&section=18,editar
/wiki/%C3%81cidos_en_el_vino,√Åcidos en el vino
/wiki/Archivo:HomemadeTartaric.jpg,
/wiki/Tartarato_pot%C3%A1sico,Tartarato pot√°sico
#cite_note-Jancis-58,[58]
#cite_note-Gershwin-59,[59]
/wiki/%C3%81cido_m%C3%A1lico,√°cido m√°lico
/wiki/%C3%81cido_tart%C3%A1rico,√°cido tart√°rico
/wiki/Tamarindo,tamarindo
/wiki/%C3%81cido_ac%C3%A9tico,√°cido ac√©tico
/wiki/%C3%81cido_succ%C3%ADnico,√°cido succ√≠nico
/wiki/%C3%81cido_l%C3%A1ctico,√°cido l√°ctico
/w/index.php?title=Vino&action=edit&section=19,editar
/wiki/%C3%89steres,√©steres
/wiki/Esterificaci%C3%B3n,esterificaci√≥n
/wiki/Grupo_funcional,grupos funcionales
#cite_note-Ronald-27,[27]
/w/index.php?title=Butanoato_de_metilo&action=edit&redlink=1,butanoato
/w/index.php?title=Exanoato_de_etilo&action=edit&redlink=1,exanoato
/wiki/Esterificaci%C3%B3n,esterificaci√≥n
/wiki/Buqu%C3%A9,bouquet
/wiki/Retrogusto,rememoren
/wiki/Cata_de_vinos,cata de vinos
/wiki/Acetato_de_etilo,acetato de etilo
/w/index.php?title=Vino&action=edit&section=20,editar
#cite_note-Yair-50,[50]
/wiki/Amino%C3%A1cido,amino√°cidos
/wiki/Prolina,prolina
/wiki/Arginina,arginina
/wiki/Ciclo_del_nitr%C3%B3geno,metabolismo del nitr√≥geno
/wiki/Glutamina,glutamina
/wiki/Alanina,alanina
/wiki/Prote%C3%ADna,prote√≠nas
#cite_note-prot-60,[60]
/wiki/Zwitteri%C3%B3n,zwitteriones
/wiki/Floculaci%C3%B3n,coagular
/wiki/Bentonita,bentonita
/wiki/Gel_de_s%C3%ADlice,gel de s√≠lice
/w/index.php?title=Vino&action=edit&section=21,editar
/wiki/Archivo:Phenol2.svg,
/wiki/Fenol,Fenol
/wiki/Polifenol,polifenoles
/wiki/Carbohidrato,carbohidratos
/wiki/%C3%81cido,√°cidos
#cite_note-Yair-50,[50]
/wiki/Metabolitos_secundarios_de_las_plantas,metabolito secundario de la uva
/wiki/Sabor,sabores
/wiki/Olor,olores
/wiki/Vino_tinto,vinos tintos
/wiki/Tanino,taninos
/wiki/Indicador_de_pH,viraje
#cite_note-Vernon-49,[49]
/w/index.php?title=Vino&action=edit&section=22,editar
/wiki/Qu%C3%ADmica_de_los_alimentos,anal√≠tica vin√≠cola
/wiki/Ceniza,cenizas
/wiki/Carbonato,carbonatos
/wiki/%C3%93xido,√≥xidos
/wiki/Potasio,potasio
/wiki/Di%C3%B3xido_de_azufre,di√≥xido de azufre
#cite_note-61,[61]
/wiki/Plomo,plomo
/wiki/Tap%C3%B3n_de_corcho,tap√≥n de corcho
/w/index.php?title=Vino&action=edit&section=23,editar
/wiki/Sentidos,sentidos
/wiki/Retrogusto,retrogusto
/w/index.php?title=Vino&action=edit&section=24,editar
/wiki/Archivo:Holding_wine_glass.jpg,
/wiki/Antocianina,antocianinas
/wiki/Uva,uva
/wiki/Vino_tinto,vino tinto
#cite_note-Ronald-27,[27]
/wiki/Antocianinas,Antocianinas
/wiki/Antocianina,antocianinas
/wiki/Teinturier,teinturier
/wiki/Alicante_Bouschet,Alicante Bouschet
/wiki/Saperavi,Saperavi
/w/index.php?title=Dunkelfelder&action=edit&redlink=1,Dunkelfeld
/wiki/Teinturier,teinturier
/wiki/Glic%C3%B3sido,glic√≥sidos
/wiki/Cianidina,cianidina
/wiki/Delfinidina,delfinidina
/wiki/Berenjena,berenjenas
/wiki/Granada_(fruto),granadas
/wiki/Passiflora_edulis,fruta de la pasi√≥n
/wiki/Malvidina,malvidina
/wiki/Pelargonidina,pelargonidina
/w/index.php?title=Peonidina&action=edit&redlink=1,peonidina
/wiki/Petunidina,petunidina
/w/index.php?title=Vino_joven&action=edit&redlink=1,vinos j√≥venes
/w/index.php?title=Vino&action=edit&section=25,editar
/wiki/Sabor,cinco sabores
/wiki/Sabor_dulce,dulce
/wiki/Sabor_%C3%A1cido,√°cido
/wiki/Sabor_amargo,amargo
/wiki/Partes_por_mill%C3%B3n,partes por mill√≥n
/wiki/Jerez,jerez
/wiki/Vino_fino,fino
/wiki/Sabor_salado,sabor salado
/wiki/Aroma,aroma
/wiki/Buqu%C3%A9,bouquet
#cite_note-Rapp-62,[62]
/wiki/Flor,floral
/wiki/Monoterpenoides,monoterpenoides
/wiki/Terpenoides,terpenoides
/wiki/Isopreno,unidad isopreno
/wiki/Uva_moscatel,uva moscatel
/w/index.php?title=Monoterpenos&action=edit&redlink=1,monoterpenos
/wiki/Gew%C3%BCrztraminer,Gew√ºrztraminer
/wiki/Moscatel_de_Alejandr%C3%ADa,Moscatel de Alejandr√≠a
/wiki/Gluc%C3%B3sidos,gluc√≥sidos
#cite_note-Rapp-62,[62]
/wiki/Pirazina,pirazinas
#cite_note-Yair-50,[50]
/wiki/Vitis_labrusca,vitis labrusca
/wiki/Vitis_rotundifolia,vitis rotundifolia
/wiki/Metil_antranilato,metil antranilato
#cite_note-Rapp-62,[62]
#cite_note-63,[63]
/w/index.php?title=Vino&action=edit&section=26,editar
/wiki/Archivo:Degustation_epicier.jpg,
/wiki/Sommelier,sommelier
#cite_note-64,[64]
/wiki/Sentido_(percepci%C3%B3n),sentidos
/wiki/Olfato,olfato
/wiki/Fermentaci%C3%B3n,fermentaci√≥n
/wiki/Buqu%C3%A9,bouquet
/wiki/Carnes_blancas,carnes blancas
/wiki/Pescado,pescados
/wiki/Marisco,mariscos
/w/index.php?title=Vinos_blancos&action=edit&redlink=1,vinos blancos
/wiki/Carnes_rojas,carnes rojas
/wiki/Crust%C3%A1ceo,crust√°ceos
/w/index.php?title=Consejer%C3%ADa_de_Agricultura_y_Ganader%C3%ADa_de_la_Junta_de_Castilla_y_Le%C3%B3n&action=edit&redlink=1,Consejer√≠a de Agricultura y Ganader√≠a de la Junta de Castilla y Le√≥n
/w/index.php?title=Premios_Zarcillo&action=edit&redlink=1,Premios Zarcillo
/wiki/Enol%C3%B3gico,enol√≥gico
/wiki/Hispana,hispana
/w/index.php?title=Oficina_Internacional_del_vino&action=edit&redlink=1,Oficina Internacional del vino
/w/index.php?title=Uni%C3%B3n_Internacional_de_En%C3%B3logos&action=edit&redlink=1,Uni√≥n Internacional de En√≥logos
/w/index.php?title=Vino&action=edit&section=27,editar
/wiki/Anexo:Tipos_de_vino,Anexo:Tipos de vino
#cite_note-65,[65]
/wiki/Ribera_del_Duero_(vino),Ribera del Duero
#cite_note-66,[66]
/wiki/Archivo:FLOR-ValdiviaJerez59.jpg,
/wiki/Oxidaci%C3%B3n,oxidaci√≥n
/wiki/Osmosis_inversa,osmosis inversa
/w/index.php?title=Vino&action=edit&section=28,editar
"/wiki/Bodegas_Barbadillo,_S.L.",bodega Barbadillo
#cite_note-67,[67]
#cite_note-68,[68]
#cite_note-69,[69]
#cite_note-70,[70]
/w/index.php?title=Vino&action=edit&section=29,editar
/wiki/Brandi,brandi
/wiki/Jerez_(vino),Jerez
/wiki/Vino_de_Oporto,Oporto
/wiki/Vino_madeira,Madeira
/wiki/Marsala,Marsala
/wiki/Archivo:CataJerez.jpg,
/wiki/Jerez,Jereces
/w/index.php?title=Vino&action=edit&section=30,editar
/wiki/Archivo:Chato_de_Vino_Feria_de_Albacete.jpg,
#cite_note-71,[71]
/wiki/Vino_de_mesa,vino de mesa
/wiki/Jerez,Jerez
#cite_note-72,[72]
#cite_note-73,[73]
/w/index.php?title=Vino&action=edit&section=31,editar
/wiki/Vermut,vermut
/wiki/Mistela,mistela
/w/index.php?title=Vino&action=edit&section=32,editar
/wiki/Mosto,mosto
/wiki/Aljarafe,Aljarafe
/wiki/Jerez,Jerez
/wiki/Criaderas_y_soleras,criaderas y soleras
/wiki/Denominaci%C3%B3n_de_Origen_Jerez-X%C3%A9r%C3%A8s-Sherry,Consejo Regulador
#cite_note-74,[74]
#cite_note-75,[75]
/wiki/Archivo:Solera-systeem.jpg,
/wiki/Criaderas_y_soleras,criaderas y soleras
/wiki/Tanino,taninos
#cite_note-76,[76]
#cite_note-77,[77]
#cite_note-78,[78]
/w/index.php?title=Vino_de_guarda_o_de_crianza&action=edit&redlink=1,crianza
/wiki/Reserva,reserva
/wiki/Gran_reserva,gran reserva
/w/index.php?title=Vino&action=edit&section=33,editar
/wiki/Anexo:Vinos_del_mundo,Anexo:Vinos del mundo
/wiki/Archivo:Salta%27s_La_Ruta_del_Vino.jpg,
/wiki/Ruta_del_vino_de_Salta,Ruta del vino de Salta
/wiki/Argentina,Argentina
/wiki/Le_Cordon_Bleu,Le Cordon Bleu
/wiki/Viejo_Mundo,Viejo Mundo
/wiki/Europa,Europa
/wiki/Asia_Menor,Asia Menor
/wiki/Denominaci%C3%B3n_de_origen,denominaci√≥n de origen
/wiki/Espa%C3%B1a,Espa√±a
/wiki/Francia,Francia
/wiki/Italia,Italia
/wiki/Alemania,Alemania
/wiki/Portugal,Portugal
/wiki/Nuevo_Mundo,Nuevo Mundo
/wiki/Am%C3%A9rica,Am√©rica
/wiki/Australia,Australia
/wiki/Nueva_Zelanda,Nueva Zelanda
/wiki/%C3%81frica_del_Sur,√Åfrica del Sur
#cite_note-79,[79]
#cite_note-Oxford-1,[1]
/wiki/Varietal,varietal
/wiki/Italia,Italia
#cite_note-80,[80]
/wiki/Francisco_I_de_Francia,Francisco I de Francia
/wiki/Ciruela,ciruela
/wiki/Burdeos,Burdeos
#cite_note-81,[81]
#cite_note-82,[82]
/wiki/Archivo:Wine_consumption_world_map.png,
/w/index.php?title=Vino&action=edit&section=34,editar
/wiki/Fruta,frutas
/wiki/Uni%C3%B3n_Europea,Uni√≥n Europea
#cite_note-OIV-3,[3]
#cite_note-OIV-3,[3]
/wiki/Agricultura,agricultura
#cite_note-Kym-4,[4]
#cite_note-China-83,[83]
/wiki/Espa%C3%B1a,Espa√±a
/wiki/Italia,Italia
/wiki/Francia,Francia
/wiki/Hectolitro,hectolitros
/wiki/Vino_de_Italia,Italia
/wiki/Hl,hl
/wiki/Vino_de_Francia,Francia
/wiki/Estados_Unidos,Estados Unidos
#cite_note-TDV-84,[84]
/wiki/Organizaci%C3%B3n_Internacional_de_la_Vi%C3%B1a_y_el_Vino,Organizaci√≥n Internacional de la Vi√±a y el Vino
#cite_note-Wine_Production-85,[85]
/wiki/Hectolitro,hectolitros
/wiki/Italia,Italia
"/wiki/Archivo:Flag_of_France_(1794%E2%80%931815,_1830%E2%80%931974).svg",
/wiki/Francia,Francia
/wiki/Espa%C3%B1a,Espa√±a
/wiki/Archivo:Flag_of_the_United_States.svg,
/wiki/Estados_Unidos,Estados Unidos
/wiki/Archivo:Flag_of_Australia_(converted).svg,
/wiki/Australia,Australia
/wiki/Chile,Chile
/wiki/Archivo:Flag_of_Argentina.svg,
/wiki/Argentina,Argentina
/wiki/Archivo:Flag_of_South_Africa.svg,
/wiki/Sud%C3%A1frica,Sud√°frica
/wiki/Alemania,Alemania
/wiki/Archivo:Flag_of_Portugal.svg,
/wiki/Portugal,Portugal
/wiki/Archivo:Flag_of_the_People%27s_Republic_of_China.svg,
/wiki/Rep%C3%BAblica_Popular_China,China
/wiki/Rusia,Rusia
/wiki/Rumania,Rumania
/wiki/Brasil,Brasil
/wiki/Archivo:Flag_of_New_Zealand.svg,
/wiki/Nueva_Zelanda,Nueva Zelanda
/wiki/Francia,Francia
#cite_note-Windows-51,[51]
/w/index.php?title=International_Wine_and_Spirit_Record&action=edit&redlink=1,International Wine and Spirit Record
/wiki/Estados_Unidos,Estados Unidos
/wiki/Italia,Italia
/wiki/Categor%C3%ADa:Wikipedia:Art%C3%ADculos_con_pasajes_que_requieren_actualizaci%C3%B3n,actualizar
/wiki/Rusia,Rusia
/wiki/China_(regi%C3%B3n),China
#cite_note-China-83,[83]
/wiki/Sud%C3%A1frica,Sud√°frica
/wiki/Australia,Australia
/wiki/Nueva_Zelanda,Nueva Zelanda
#cite_note-86,[86]
#cite_note-Kym3-87,[87]
/wiki/Globalizaci%C3%B3n_del_vino,Globalizaci√≥n del vino
#cite_note-Oxford-1,[1]
/w/index.php?title=Vino&action=edit&section=35,editar
/w/index.php?title=Vino&action=edit&section=36,editar
/wiki/Francia,Francia
/wiki/Italia,Italia
/wiki/Espa%C3%B1a,Espa√±a
#cite_note-trade-88,[88]
/wiki/Free_on_board,FOB
/wiki/Archivo:Principales_exportadores_mundiales_de_vino_periodo_2010-2014.png,
http://trade.nosis.com/es/Comex/Importacion-Exportacion/Mundial/vino---vino-de-uvas-frescas-incluso-encabezado-mosto-de-uva-excepto-el-de-la-partida-2009/WD/2204,Fuente
/w/index.php?title=Vino&action=edit&section=37,editar
/wiki/Estados_Unidos,Estados Unidos
/wiki/Reino_Unido,Reino Unido
/wiki/Alemania,Alemania
#cite_note-trade-88,[88]
/wiki/Free_on_board,FOB
/wiki/Archivo:Principales_importadores_mundiales_de_vino_periodo_2010-2014.png,
http://trade.nosis.com/es/Comex/Importacion-Exportacion/Mundial/vino---vino-de-uvas-frescas-incluso-encabezado-mosto-de-uva-excepto-el-de-la-partida-2009/WD/2204,Fuente
/w/index.php?title=Vino&action=edit&section=38,editar
/wiki/Archivo:New_Decanter.jpg,
/wiki/Decantador,Decantador
/wiki/Grado_Celsius,¬∞C
/wiki/Bodega_(vitivinicultura),bodega
/wiki/Decantador,decantadores
/wiki/Alsacia,Alsacia
/wiki/Rin,Rin
/wiki/Champ%C3%A1n,champ√°n
/w/index.php?title=Vino&action=edit&section=39,editar
/wiki/Archivo:Damajuana_de_La_Mancha.jpg,
/wiki/La_Mancha,La Mancha
#cite_note-Gershwin-59,[59]
/wiki/Bodega_(vitivinicultura),bodegas
/wiki/Roble,roble
#cite_note-Windows-51,[51]
#cite_note-HughJohnson-89,[89]
#cite_note-guarda-90,[90]
/wiki/Cabernet_Sauvignon,Cabernet Sauvignon
/wiki/Uva_tempranillo,Tempranillo
/w/index.php?title=Contaminaci%C3%B3n_del_corcho&action=edit&redlink=1,contaminaci√≥n del corcho
/w/index.php?title=Tricloroanisola&action=edit&redlink=1,trichloroanisole
/wiki/Madera,madera
/wiki/1990s,90
/w/index.php?title=Tapones_alternativo_en_vino&action=edit&redlink=1,tapones alternativos
/w/index.php?title=Vino&action=edit&section=40,editar
/wiki/Archivo:Ossobuco.jpg,
/wiki/Ossobuco,ossobuco
/wiki/Carne,carne
#cite_note-McGovern-24,[24]
/wiki/Dioniso,Dionisios
#cite_note-91,[91]
/wiki/Litros,litros
/wiki/Archivo:Flag_of_Portugal.svg,
/wiki/Portugal,Portugal
/wiki/Archivo:Flag_of_Luxembourg.svg,
/wiki/Luxemburgo,Luxemburgo
"/wiki/Archivo:Flag_of_France_(1794%E2%80%931815,_1830%E2%80%931974).svg",
/wiki/Francia,Francia
/wiki/Italia,Italia
/wiki/Suiza,Suiza
/wiki/Austria,Austria
/wiki/Archivo:Flag_of_Australia_(converted).svg,
/wiki/Australia,Australia
/wiki/Alemania,Alemania
/wiki/Espa%C3%B1a,Espa√±a
/wiki/Pa%C3%ADses_Bajos,Pa√≠ses Bajos
/wiki/B%C3%A9lgica,B√©lgica
/wiki/Rep%C3%BAblica_Checa,Rep√∫blica Checa
/wiki/Suecia,Suecia
/wiki/Rumania,Rumania
/wiki/Grecia,Grecia
/wiki/Archivo:Flag_of_Argentina.svg,
/wiki/Argentina,Argentina
/w/index.php?title=Vino&action=edit&section=41,editar
/wiki/Bebida_alcoh%C3%B3lica,bebida
/wiki/Bizancio,Bizancio
/wiki/Salsa_(gastronom%C3%ADa),salsas
/wiki/Especia,especias
/wiki/Historia_del_azafr%C3%A1n,azafr√°n
/wiki/Pimienta,pimienta
/wiki/Canela,canela
#cite_note-Maguelone-92,[92]
/wiki/Vinagre,vinagre
/wiki/Sabor_%C3%A1cido,sabor √°cido
/wiki/Ensalada,ensaladas
/wiki/Sopa,sopas
/wiki/Estofado,estofados
/wiki/Coq_au_vin,coq au vin
/wiki/Charoset,charoset
/wiki/Sorbete,sorbete de champ√°n
/wiki/Jerez_(vino),jerez
/wiki/Caldo_de_carne,consom√©s
/wiki/Marinar,marinado
/wiki/Cocina_de_Arag%C3%B3n,cocina de Arag√≥n
/wiki/Gastronom%C3%ADa_de_Espa%C3%B1a,Espa√±a
/wiki/Liebre,liebre
/wiki/Llebrada,llebrada
#cite_note-93,[93]
/wiki/Pera_al_vino,pera al vino
/wiki/Gastronom%C3%ADa_de_La_Rioja_(Espa%C3%B1a),cocina riojana
/w/index.php?title=Vino&action=edit&section=42,editar
/wiki/Bebida,bebida
/wiki/Agua_carbonatada,soda
/wiki/Schorle,Weinschorle
/wiki/Argentina,Argentina
/wiki/Cul%C3%A9n,Cul√©n
/wiki/Fruta,frutas
/wiki/Zurracapote,zurracapote
/wiki/Sangr%C3%ADa_(bebida),sangr√≠a
/wiki/Borgo%C3%B1a_(bebida),borgo√±a de frutilla
/w/index.php?title=Mimosa_(cocktail)&action=edit&redlink=1,mimosa
/wiki/Gl%C3%BChwein,Gl√ºhwein
/wiki/Ponche,vino caliente
/wiki/Especia,especiado
/wiki/Feuerzangenbowle,Feuerzangenbowle
/wiki/Gl%C3%B6gg,gl√∂gg
/wiki/Conditum_Paradoxum,Conditum Paradoxum
/wiki/Calimocho,calimocho
/wiki/C%C3%B3ctel,c√≥ctel
/wiki/Bebida_de_cola,refresco carbonatado de cola
/wiki/Espa%C3%B1a,Espa√±a
/wiki/Jote_(bebida),Jote
/wiki/Tinto_de_verano,tinto de verano
/wiki/Gaseosa,gaseosa
/wiki/C%C3%B3ctel,c√≥cteles
/wiki/Chile,Chile
/wiki/Terremoto_(bebida),terremoto
/wiki/Vaina_chilena,vaina
/wiki/Borgo%C3%B1a_(bebida),borgo√±a
/w/index.php?title=Vino&action=edit&section=43,editar
/wiki/Medicina,medicina
/wiki/Egipto,Egipto
/wiki/Infusi%C3%B3n,infusi√≥n
/wiki/Hip%C3%B3crates,Hip√≥crates
/wiki/Desinfectante,desinfectante
/wiki/Galeno,Galeno
/wiki/Bebida_alcoh%C3%B3lica,bebidas alcoh√≥licas
/wiki/Sedante,sedantes
/wiki/Calmante,calmantes
/wiki/Sistema_nervioso_central,sistema nervioso central
/wiki/Mirra,mirra
/wiki/Papaver_somniferum,adormidera
/wiki/Artemisia_absinthium,ajenjo
/wiki/Antigua_Roma,romanos
/wiki/Posca,posca
/wiki/Mirra,mirra
/wiki/Jes%C3%BAs,Jes√∫s
#cite_note-ref_duplicada_1-94,[94]
/wiki/Edad_Media,Edad Media
/wiki/Magia,magia
/wiki/Alquimia,alquimia
/wiki/Alquimia,alquimista
/wiki/Alessio_Piemontese,Alessio Piemontese
/wiki/Arnau_de_Vilanova,Arnau de Vilanova
/wiki/Antioxidante,antioxidantes
/w/index.php?title=Vino&action=edit&section=44,editar
/wiki/Destilaci%C3%B3n,destilarse
/wiki/Brandi,brandi
/wiki/Aguardiente,aguardientes
/wiki/Pisco_(aguardiente),pisco
/wiki/Vino_fortificado,vinos fortificados
/wiki/Vinagre,vinagres
/w/index.php?title=Vino&action=edit&section=45,editar
/wiki/Iglesia_cat%C3%B3lica,Iglesia cat√≥lica
/wiki/Misa,misa
#cite_note-95,[95]
/wiki/Biblia,Biblia
/wiki/Yahv%C3%A9,Yahv√©
/wiki/Homo_sapiens,humanidad
/wiki/Coraz%C3%B3n,coraz√≥n
/w/index.php?title=Humor_alegre&action=edit&redlink=1,humor alegre
/wiki/Daniel_(profeta),Daniel
/wiki/Vid,vid
/wiki/Higuera,higuera
/wiki/Prosperidad,prosperidad
/wiki/Seguridad,seguridad
/wiki/Yahv%C3%A9,Yahv√©
#cite_note-ref_duplicada_1-94,[94]
/wiki/Eucarist%C3%ADa,eucarist√≠a
/wiki/La_%C3%9Altima_Cena,la √öltima Cena
/wiki/Evangelio,evangelios
/wiki/Jes%C3%BAs_de_Nazaret,Jes√∫s de Nazaret
/wiki/Evangelio_seg%C3%BAn_san_Lucas,Evangelio seg√∫n san Lucas
/wiki/Eucarist%C3%ADa,eucarist√≠a
/wiki/Denominaciones_cristianas,denominaciones cristianas
/wiki/Iglesia_cat%C3%B3lica,cat√≥licos
/wiki/Cristo,Cristo
/wiki/Transubstanciaci%C3%B3n,transubstanciaci√≥n
/wiki/Islam,islam
/wiki/Bebidas_alcoh%C3%B3licas,bebidas alcoh√≥licas
/w/index.php?title=Vino&action=edit&section=46,editar
"/wiki/Archivo:29-autunno,Taccuino_Sanitatis,_Casanatense_4182..jpg",
/wiki/Tacuinum_sanitatis,Taccuino Sanitatis
#cite_note-:0-96,[96]
#cite_note-97,[97]
#cite_note-98,[98]
#cite_note-:0-96,[96]
#cite_note-Ronald-27,[27]
#cite_note-:1-99,[99]
/wiki/Paradoja_francesa,paradoja francesa
#cite_note-Klatsky-100,[100]
/w/index.php?title=Vino&action=edit&section=47,editar
/w/index.php?title=Lesiones_tisulares&action=edit&redlink=1,lesiones tisulares
/wiki/Sistema_nervioso_central,sistema nervioso central
/wiki/H%C3%ADgado,h√≠gado
/wiki/Cirrosis,cirrosis
/wiki/Carcinoma,carcinomas
#cite_note-:1-99,[99]
#cite_note-101,[101]
/wiki/S%C3%ADndrome_de_alcoholismo_fetal,s√≠ndrome de alcoholismo fetal
/wiki/Lactaci%C3%B3n,lactaci√≥n
#cite_note-:1-99,[99]
/wiki/Di%C3%B3xido_de_azufre,di√≥xido de azufre
/wiki/Asma,asma
#cite_note-Gershwin-59,[59]
/w/index.php?title=Vino&action=edit&section=48,editar
/wiki/Alcohol_et%C3%ADlico,alcohol et√≠lico
/wiki/Ansiol%C3%ADtico,ansiol√≠tico
/wiki/Sistema_nervioso_central,sistema nervioso central
#cite_note-AM-102,[102]
/wiki/Insomnio,insomnio
/wiki/Libido,libido
/wiki/Sistema_circulatorio,sistema circulatorio
/wiki/Trombo,trombos
/wiki/Coraz%C3%B3n_humano,coraz√≥n
/wiki/Polifenol,polifenoles
/wiki/Resveratrol,resveratrol
/wiki/Colesterol,colesterol
/wiki/LDL,LDL
/wiki/Lipoprote%C3%ADna_de_alta_densidad,HDL
#cite_note-103,[103]
#cite_note-PM2-104,[104]
/wiki/Antocianinas,antocianinas
/wiki/Antioxidantes,antioxidantes
/wiki/Diabetes_mellitus_tipo_2,diabetes mellitus tipo 2
#cite_note-NJ-105,[105]
#cite_note-106,[106]
/wiki/Wikipedia:Verificabilidad,cita¬†requerida
/w/index.php?title=Vino&action=edit&section=49,editar
/wiki/Impuesto,impuestos
/wiki/Comercio,comercio
/wiki/Salud_p%C3%BAblica,salud p√∫blica
/w/index.php?title=Prevenci%C3%B3n_del_fraude&action=edit&redlink=1,prevenci√≥n del fraude
/wiki/Etiqueta_de_vino,etiquetas del vino
/w/index.php?title=Vino&action=edit&section=50,editar
/wiki/Archivo:Sommelier_F.I.S.A.R..jpg,
/wiki/Toneler%C3%ADa,Tonelero
/wiki/Barrica_de_vino,barricas
/wiki/Vendimia,Recolector
/wiki/En%C3%B3logo,En√≥logo
/wiki/Sumiller,Sumiller
/wiki/Cata_de_vinos,Catador
/wiki/Ampelolog%C3%ADa,Ampel√≥logo
/wiki/Biolog%C3%ADa,biolog√≠a
/wiki/Cepa,cepas
/wiki/Ampelograf%C3%ADa,Ampel√≥grafo
/wiki/Vi%C3%B1a_(vid),vid
/wiki/Uva,frutos
/wiki/Vitivinicultura,Viticultor
/wiki/Parra,parras
/wiki/Uva,uvas
/wiki/Vivero,Viverista
/wiki/Vivero,vivero
/wiki/Cepa,cepas
/wiki/Agronom%C3%ADa,Agr√≥nomo
/wiki/Vitivinicultura,viticultor
/wiki/Vid,vides
/wiki/Bodega_(vitivinicultura),Bodeguero
/wiki/Bodega_(vitivinicultura),bodega
/wiki/Vitivinicultura,Vinicultor
/wiki/Garajista,garajista
/wiki/Burdeos,Burdeos
/w/index.php?title=Vino&action=edit&section=51,editar
/w/index.php?title=Arte_b%C3%A1quico&action=edit&redlink=1,arte b√°quico
/wiki/In_vino_veritas,In vino veritas
/w/index.php?title=Vino&action=edit&section=52,editar
/w/index.php?title=Weinfeste&action=edit&redlink=1,Weinfeste
/w/index.php?title=D%C3%BCrkheimer_Wurstmarkt&action=edit&redlink=1,D√ºrkheimer Wurstmarkt
/wiki/Bad_D%C3%BCrkheim,Bad D√ºrkheim
/wiki/Batalla_del_vino,Batalla del vino
/wiki/Haro,Haro
/wiki/Archivo:Vinos.jpg,
/w/index.php?title=Vino&action=edit&section=53,editar
/wiki/Bottle_Shock,Bottle Shock
/w/index.php?title=Sentencia_de_Par%C3%ADs_(vino)&action=edit&redlink=1,Sentencia de Par√≠s
/wiki/Un_buen_a%C3%B1o,Un buen a√±o
/wiki/Ridley_Scott,Ridley Scott
/wiki/Russell_Crowe,Russell Crowe
/wiki/Entre_copas,Entre copas
/wiki/Alexander_Payne,Alexander Payne
/wiki/Paul_Giamatti,Paul Giamatti
/wiki/Thomas_Haden_Church,Thomas Haden Church
/wiki/Mondovino,Mondovino
/w/index.php?title=Jonathan_Nossiter&action=edit&redlink=1,Jonathan Nossiter
/wiki/Falcon_Crest,Falcon Crest
/wiki/California,California
/wiki/Un_paseo_por_las_nubes,Un paseo por las nubes
/w/index.php?title=Entre_Blancos_y_Tintos&action=edit&redlink=1,Entre Blancos y Tintos
#cite_note-107,[107]
/w/index.php?title=Vino&action=edit&section=54,editar
/wiki/Poes%C3%ADa_%C3%A1rabe,poes√≠a √°rabe
/w/index.php?title=Poes%C3%ADa_b%C3%A1quica&action=edit&redlink=1,poes√≠a b√°quica
/wiki/Poes%C3%ADa,poes√≠a
/wiki/Poes%C3%ADa_%C3%A1rabe_en_los_reinos_de_taifas,poetas √°rabes de los reinos de taifas
/wiki/Al-%C3%81ndalus,al-√Åndalus
/wiki/Abu_Nuwas,Abu Nuwas
/w/index.php?title=Vino&action=edit&section=55,editar
#cite_note-108,[108]
/w/index.php?title=Vino&action=edit&section=56,editar
/w/index.php?title=Vino&action=edit&section=57,editar
/wiki/Archivo:Glass_of_wine.svg,
/wiki/Portal:Vino,Portal:Vino
,Vino
/wiki/Organizaci%C3%B3n_Internacional_de_la_Vi%C3%B1a_y_el_Vino,Organizaci√≥n Internacional de la Vi√±a y el Vino
/wiki/Cata_de_vinos,Cata de vinos
/wiki/Enoteca,Enoteca
/wiki/Enoturismo,Enoturismo
/wiki/Fallos_del_vino,Fallos del vino
/wiki/Fiesta_Nacional_de_la_Vendimia,Fiesta Nacional de la Vendimia
/wiki/Morri%C3%B3n_(botella),Morri√≥n (botella)
/wiki/Oinochoe,Oinochoe
/wiki/Agraz_(bebida),Agraz
/wiki/Vino_de_monta%C3%B1a,Vino de monta√±a
/wiki/Vino_sin_alcohol,Vino sin alcohol
/w/index.php?title=Vino&action=edit&section=58,editar
#cite_ref-Oxford_1-0,a
#cite_ref-Oxford_1-1,b
#cite_ref-Oxford_1-2,c
#cite_ref-Oxford_1-3,d
https://archive.org/details/oxfordcompaniont00janc,The Oxford Companion to Wine
/wiki/Oxford_University_Press,Oxford University Press
/wiki/ISBN,ISBN
/wiki/Especial:FuentesDeLibros/0198609906,0198609906
#cite_ref-Weyer_2-0,‚Üë
#cite_ref-OIV_3-0,a
#cite_ref-OIV_3-1,b
#cite_ref-OIV_3-2,c
https://web.archive.org/web/20081216015319/http://news.reseau-concept.net/pls/news/p_entree?i_sid=&i_type_edition_id=20508&i_section_id=&i_lang=33,¬´Estad√≠sticas mundiales de la OIV¬ª
http://news.reseau-concept.net/pls/news/p_entree?i_sid=&i_type_edition_id=20508&i_section_id=&i_lang=33,el original
#cite_ref-Kym_4-0,a
#cite_ref-Kym_4-1,b
/wiki/Digital_object_identifier,doi
https://dx.doi.org/10.1111%2F1467-9701.00541,10.1111/1467-9701.00541
/wiki/Ayuda:Errores_en_las_referencias#deprecated_params,ayuda
/wiki/Ayuda:Errores_en_las_referencias#deprecated_params,ayuda
#cite_ref-BM_5-0,‚Üë
https://www.vinetur.com/2017041327849/italia-francia-y-Argentina-producen-la-mitad-de-todo-el-vino-del-planeta.html,"¬´Italia, Francia y Argentina producen la mitad de todo el vino del planeta¬ª"
#cite_ref-6,‚Üë
http://vinosde.net/,¬´Vinos¬ª
#cite_ref-7,‚Üë
/wiki/Especial:FuentesDeLibros/9789707806559,ISBN 978-970-780-655-9
#cite_ref-8,‚Üë
http://www.npr.org/sections/thesalt/2015/06/08/412039092/georgias-giant-clay-pots-hold-an-8-000-year-old-secret-to-great-wine/,"Georgia's Giant Clay Pots Hold An 8,000-Year-Old Secret To Great Wine"
/wiki/NPR,NPR
#cite_ref-9,‚Üë
http://www.nationalgeographic.org/projects/out-of-eden-walk/articles/2015-04-ghost-of-the-vine/,"Ghost of the Vine: In Georgia, science probes the roots of winemaking"
/wiki/National_Geographic,National Geographic
#cite_ref-10,‚Üë
#cite_ref-11,‚Üë
https://www.abc.es/cultura/abci-bodega-mas-antigua-occidente-oculta-y-olvidada-monte-cadiz-201809091631_noticia.html,"¬´La bodega de vino m√°s antigua de Occidente, oculta y olvidada en un monte de C√°diz¬ª"
#cite_ref-12,‚Üë
https://www.sanpablo.es/libro-pueblo-de-dios/la-biblia/nuevo-testamento/evangelio-segun-san-mateo/26,¬´Biblia Online Editorial San Pablo¬ª
#cite_ref-13,‚Üë
https://web.archive.org/web/20060118030105/http://www.unirioja.es/servicios/sp/tesis/pdfs/tesis26.pdf,"Tesis doctoral ""Estudio anal√≠tico de compuestos vol√°tiles en vino"" M¬™ Trinidad Cedr√≥n"
#cite_ref-14,‚Üë
#cite_ref-15,‚Üë
#cite_ref-16,‚Üë
#cite_ref-17,‚Üë
#cite_ref-18,‚Üë
#cite_ref-19,‚Üë
#cite_ref-20,‚Üë
#cite_ref-21,‚Üë
#cite_ref-22,‚Üë
#cite_ref-23,‚Üë
#cite_ref-McGovern_24-0,a
#cite_ref-McGovern_24-1,b
https://archive.org/details/ancientwinesearc0000mcgo,Ancient Wine: The Search for the Origins of Viniculture
/wiki/Princeton_University_Press,Princeton University Press
/wiki/ISBN,ISBN
/wiki/Especial:FuentesDeLibros/0691070806,0691070806
#cite_ref-Bird_25-0,a
#cite_ref-Bird_25-1,b
#cite_ref-Bird_25-2,c
/wiki/ISBN,ISBN
/wiki/Especial:FuentesDeLibros/1891267914,1891267914
#cite_ref-Staiger_26-0,‚Üë
#cite_ref-Ronald_27-0,a
#cite_ref-Ronald_27-1,b
#cite_ref-Ronald_27-2,c
#cite_ref-Ronald_27-3,d
#cite_ref-Ronald_27-4,e
/wiki/ISBN,ISBN
/wiki/Especial:FuentesDeLibros/0123736463,0123736463
#cite_ref-28,‚Üë
#cite_ref-29,‚Üë
#cite_ref-30,‚Üë
#cite_ref-31,‚Üë
https://www.raco.cat/index.php/HistoriaIndustrial/article/viewFile/268437/355991,¬´La competitividad internacional de la industria vin√≠cola espa√±ola durante la globalizaci√≥n del vino¬ª
#cite_ref-32,‚Üë
#cite_ref-33,‚Üë
#cite_ref-34,‚Üë
#cite_ref-35,‚Üë
/wiki/Ayuda:Errores_en_las_referencias#deprecated_params,ayuda
#cite_ref-36,‚Üë
#cite_ref-37,‚Üë
/wiki/Ayuda:Errores_en_las_referencias#deprecated_params,ayuda
#cite_ref-Gayon_38-0,‚Üë
#cite_ref-39,‚Üë
/wiki/Ayuda:Errores_en_las_referencias#deprecated_params,ayuda
#cite_ref-40,‚Üë
/wiki/Ayuda:Errores_en_las_referencias#deprecated_params,ayuda
#cite_ref-41,‚Üë
#cite_ref-Claudio_42-0,a
#cite_ref-Claudio_42-1,b
#cite_ref-Claudio_42-2,c
#cite_ref-Claudio_42-3,d
/wiki/ISBN,ISBN
/wiki/Especial:FuentesDeLibros/0824705904,0824705904
/wiki/Ayuda:Errores_en_las_referencias#deprecated_params,ayuda
#cite_ref-43,‚Üë
/wiki/Ayuda:Errores_en_las_referencias#deprecated_params,ayuda
#cite_ref-Jean_44-0,‚Üë
/wiki/Ayuda:Errores_en_las_referencias#deprecated_params,ayuda
#cite_ref-45,‚Üë
#cite_ref-46,‚Üë
https://web.archive.org/web/20110728072618/http://www.revistaenologia.com/pdf/n22_ENO_ponencia__Dra._Brigida_Fernandez.pdf,¬´Tratamiento de la madera de roble para la toneler√≠a¬ª
http://www.revistaenologia.com/pdf/n22_ENO_ponencia__Dra._Brigida_Fernandez.pdf,el original
/wiki/Ayuda:Errores_en_las_referencias#deprecated_params,ayuda
/wiki/Ayuda:Errores_en_las_referencias#deprecated_params,ayuda
#cite_ref-47,‚Üë
#cite_ref-Goode_48-0,‚Üë
https://archive.org/details/scienceofwinefro0000good,The Science of Wine From Vine to Glass
/wiki/ISBN,ISBN
/wiki/Especial:FuentesDeLibros/978-0-520-24800-7,978-0-520-24800-7
#cite_ref-Vernon_49-0,a
#cite_ref-Vernon_49-1,b
#cite_ref-Yair_50-0,a
#cite_ref-Yair_50-1,b
#cite_ref-Yair_50-2,c
#cite_ref-Yair_50-3,d
#cite_ref-Yair_50-4,e
#cite_ref-Yair_50-5,f
/wiki/ISBN,ISBN
/wiki/Especial:FuentesDeLibros/9781935879817,9781935879817
#cite_ref-Windows_51-0,a
#cite_ref-Windows_51-1,b
#cite_ref-Windows_51-2,c
https://archive.org/details/windowsonworldco0000zral,Windows on the World Complete Wine Course
/wiki/ISBN,ISBN
/wiki/Especial:FuentesDeLibros/9781402739286,9781402739286
#cite_ref-52,‚Üë
https://www.elespanol.com/ciencia/nutricion/20190420/engorda-sola-copa-vino/391961715_0.html,https://www.elespanol.com/ciencia/nutricion/20190420/engorda-sola-copa-vino/391961715_0.html
#cite_ref-Rivero_53-0,‚Üë
/wiki/Digital_object_identifier,doi
https://dx.doi.org/10.1016%2FS0003-2670%2801%2901591-4,10.1016/S0003-2670(01)01591-4
/wiki/Ayuda:Errores_en_las_referencias#deprecated_params,ayuda
/wiki/Ayuda:Errores_en_las_referencias#deprecated_params,ayuda
#cite_ref-Gnekow_54-0,a
#cite_ref-Gnekow_54-1,b
/wiki/Ayuda:Errores_en_las_referencias#deprecated_params,ayuda
/wiki/Ayuda:Errores_en_las_referencias#deprecated_params,ayuda
#cite_ref-55,‚Üë
/wiki/Ayuda:Errores_en_las_referencias#deprecated_params,ayuda
#cite_ref-56,‚Üë
/wiki/Ayuda:Errores_en_las_referencias#deprecated_params,ayuda
#cite_ref-Sponholz_57-0,a
#cite_ref-Sponholz_57-1,b
#cite_ref-Sponholz_57-2,c
#cite_ref-Jancis_58-0,‚Üë
/wiki/Jancis_Robinson,"Robinson, Jancis"
/wiki/ISBN,ISBN
/wiki/Especial:FuentesDeLibros/1416596658,1416596658
#cite_ref-Gershwin_59-0,a
#cite_ref-Gershwin_59-1,b
#cite_ref-Gershwin_59-2,c
https://archive.org/details/sim_journal-of-allergy-and-clinical-immunology_1985-03_75_3/page/411,¬´Grand rounds: adverse reactions to wine¬ª
/wiki/PubMed_Identifier,PMID
//www.ncbi.nlm.nih.gov/pubmed/3973315,3973315
/wiki/Ayuda:Errores_en_las_referencias#deprecated_params,ayuda
/wiki/Ayuda:Errores_en_las_referencias#deprecated_params,ayuda
#cite_ref-prot_60-0,‚Üë
/wiki/Ayuda:Errores_en_las_referencias#deprecated_params,ayuda
#cite_ref-61,‚Üë
/wiki/Ayuda:Errores_en_las_referencias#deprecated_params,ayuda
#cite_ref-Rapp_62-0,a
#cite_ref-Rapp_62-1,b
#cite_ref-Rapp_62-2,c
/wiki/Digital_object_identifier,doi
https://dx.doi.org/10.1007%2FBF01941764,10.1007/BF01941764
/wiki/Ayuda:Errores_en_las_referencias#deprecated_params,ayuda
/wiki/Ayuda:Errores_en_las_referencias#deprecated_params,ayuda
#cite_ref-63,‚Üë
/wiki/Digital_object_identifier,doi
https://dx.doi.org/10.1111%2Fj.1365-2621.1977.tb01217.x,10.1111/j.1365-2621.1977.tb01217.x
/wiki/Ayuda:Errores_en_las_referencias#deprecated_params,ayuda
/wiki/Ayuda:Errores_en_las_referencias#deprecated_params,ayuda
#cite_ref-64,‚Üë
https://repository.uaeh.edu.mx/revistas/index.php/icea/article/view/3065/3055,¬´Cata de vino¬ª
#cite_ref-65,‚Üë
#cite_ref-66,‚Üë
#cite_ref-67,‚Üë
#cite_ref-68,‚Üë
#cite_ref-69,‚Üë
#cite_ref-70,‚Üë
#cite_ref-71,‚Üë
#cite_ref-72,‚Üë
#cite_ref-73,‚Üë
#cite_ref-74,‚Üë
https://www.sherry.wine/es/los-vinos/categorias-especiales#VinosdeAnada,¬´V.O.S. & V.O.R.S.¬ª
#cite_ref-75,‚Üë
https://www.mirajerez.com/23/01/2015/los-vinos-de-jerez-de-las-bodegas-williams-humbert-han-obtenido-calificacion-de-excelente-en-la-guia-de-robert-parker/,¬´Los vinos de Jerez de las bodegas Williams & Humbert han obtenido calificaci√≥n de Excelente en la Gu√≠a de Robert Parker | Mira Jerez¬ª
#cite_ref-76,‚Üë
#cite_ref-77,‚Üë
#cite_ref-78,‚Üë
#cite_ref-79,‚Üë
#cite_ref-80,‚Üë
http://revistaelconocedor.com/italia-la-gran-tierra-del-vino/,"¬´Italia, la gran tierra del vino¬ª"
#cite_ref-81,‚Üë
#cite_ref-82,‚Üë
#cite_ref-China_83-0,a
#cite_ref-China_83-1,b
/wiki/Ayuda:Errores_en_las_referencias#deprecated_params,ayuda
#cite_ref-TDV_84-0,‚Üë
https://web.archive.org/web/20170410132954/http://www.oiv.int/es/actualidad-de-la-oiv/la-produccion-mundial-de-vino-en-2016-se-estima-en-259-mill-hl,¬´La producci√≥n mundial de vino en 2016 se estima en 259 Mill. hL¬ª
http://www.oiv.int,http://www.oiv.int
http://www.oiv.int/es/actualidad-de-la-oiv/la-produccion-mundial-de-vino-en-2016-se-estima-en-259-mill-hl,el original
#cite_ref-Wine_Production_85-0,‚Üë
"https://wip.cl/record-historico-de-exportaciones-y-recuperacion-parcial-del-consumo-durante-2021/#:~:text=La%20producci%C3%B3n%20mundial%20de%20vino,de%20los%20%C3%BAltimos%2010%20a%C3%B1os","https://wip.cl/record-historico-de-exportaciones-y-recuperacion-parcial-del-consumo-durante-2021/#:~:text=La%20producci%C3%B3n%20mundial%20de%20vino,de%20los%20%C3%BAltimos%2010%20a%C3%B1os"
#cite_ref-86,‚Üë
http://www.cnnexpansion.com/negocios/2009/01/16/el-consumo-de-vino-aumenta-en-eu,¬´El consumo de vino aumenta en EU.¬ª
#cite_ref-Kym3_87-0,‚Üë
/wiki/ISSN,ISSN
//portal.issn.org/resource/issn/0015-7228,0015-7228
/wiki/Ayuda:Errores_en_las_referencias#deprecated_params,ayuda
#cite_ref-trade_88-0,a
#cite_ref-trade_88-1,b
http://trade.nosis.com/es/Comex/Importacion-Exportacion/Mundial/vino---vino-de-uvas-frescas-incluso-encabezado-mosto-de-uva-excepto-el-de-la-partida-2009/WD/2204,"¬´Comercio Exterior Mundial de NCE vino - vino de uvas frescas, incluso encabezado; mosto de uva, excepto el de la partida 20.09.¬ª"
#cite_ref-HughJohnson_89-0,‚Üë
/wiki/ISBN,ISBN
/wiki/Especial:FuentesDeLibros/8480761865,8480761865
#cite_ref-guarda_90-0,‚Üë
http://www.caveduke.com,¬´Reglas de Oro para conservar el vino¬ª
#cite_ref-91,‚Üë
https://www.vinetur.com/2022060769401/los-23-paises-con-mayor-consumo-de-vino-per-capita-en-el-mundo.html,[1]
#cite_ref-Maguelone_92-0,‚Üë
/wiki/ISBN,ISBN
/wiki/Especial:FuentesDeLibros/0631194975,0631194975
#cite_ref-93,‚Üë
#cite_ref-ref_duplicada_1_94-0,a
#cite_ref-ref_duplicada_1_94-1,b
/wiki/Perspicacia_para_comprender_las_Escrituras,Perspicacia para comprender las Escrituras
#cite_ref-95,‚Üë
#cite_ref-:0_96-0,a
#cite_ref-:0_96-1,b
https://www.ncbi.nlm.nih.gov/pmc/articles/PMC9100270/,"¬´Alcohol, Drinking Pattern, and Chronic Disease¬ª"
/wiki/ISSN,ISSN
//portal.issn.org/resource/issn/2072-6643,2072-6643
/wiki/PubMed_Central,PMC
//www.ncbi.nlm.nih.gov/pmc/articles/PMC9100270,9100270
/wiki/PubMed_Identifier,PMID
//www.ncbi.nlm.nih.gov/pubmed/35565924,35565924
/wiki/Digital_object_identifier,doi
https://dx.doi.org/10.3390%2Fnu14091954,10.3390/nu14091954
#cite_ref-97,‚Üë
https://www.upf.edu/web/nutrimedia/-/el-consumo-moderado-de-alcohol-no-es-beneficioso-para-la-salud,¬´Nutrimedia¬†: Evaluaci√≥n cient√≠fica de mensajes sobre nutrici√≥n - Mensajes¬ª
#cite_ref-98,‚Üë
https://www.comunidad.madrid/servicios/salud/riesgos-consumo-alcohol,¬´Riesgos del consumo de alcohol¬ª
#cite_ref-:1_99-0,a
#cite_ref-:1_99-1,b
#cite_ref-:1_99-2,c
https://medlineplus.gov/spanish/ency/patientinstructions/000494.htm,¬´Riesgos del consumo de alcohol para la salud: MedlinePlus enciclopedia m√©dica¬ª
#cite_ref-Klatsky_100-0,‚Üë
/wiki/Annals_of_Internal_Medicine,Annals of Internal Medicine
/wiki/Ayuda:Errores_en_las_referencias#deprecated_params,ayuda
/wiki/Ayuda:Errores_en_las_referencias#deprecated_params,ayuda
#cite_ref-101,‚Üë
https://ascopubs.org/doi/full/10.1200/JCO.2017.76.1155,¬´Alcohol and Cancer: A Statement of the American Society of Clinical Oncology¬ª
/wiki/ISSN,ISSN
//portal.issn.org/resource/issn/0732-183X,0732-183X
/wiki/Digital_object_identifier,doi
https://dx.doi.org/10.1200%2FJCO.2017.76.1155,10.1200/JCO.2017.76.1155
#cite_ref-AM_102-0,‚Üë
https://madridsalud.es/conocer-permite-actuar-vi-drogas-depresoras-del-sistema-nervioso-central-alcohol-1o/,¬´Drogas depresoras del Sistema Nervioso Central¬ª
#cite_ref-103,‚Üë
/wiki/ISSN,ISSN
//portal.issn.org/resource/issn/0340-6245,0340-6245
/wiki/Ayuda:Errores_en_las_referencias#deprecated_params,ayuda
#cite_ref-PM2_104-0,‚Üë
https://mdpi-res.com/d_attachment/nutrients/nutrients-10-01856/article_deploy/nutrients-10-01856-v2.pdf?version=1544003563,¬´Study of Potential Anti-Inflammatory Effects of Red Wine Extract and Resveratrol through a Modulation of Interleukin-1-Beta in Macrophages¬ª
/wiki/Digital_object_identifier,doi
https://dx.doi.org/10.3390%2Fnu10121856,10.3390/nu10121856
#cite_ref-NJ_105-0,‚Üë
https://www.ncbi.nlm.nih.gov/pmc/articles/PMC2039729/,¬´Red wine consumption increases antioxidant status and decreases oxidative stress in the circulation of both young and old humans¬ª
/wiki/Digital_object_identifier,doi
https://dx.doi.org/10.1186%2F1475-2891-6-27,10.1186/1475-2891-6-27
#cite_ref-106,‚Üë
#cite_ref-107,‚Üë
https://web.archive.org/web/20140517043818/http://entreblancosytintos.tv/,[2]
#cite_ref-108,‚Üë
https://www.vinetur.com/2017110845401/el-vino-consolida-su-venta-en-internet-como-bebida-para-todos-los-publicos.html,¬´VINO¬ª
/w/index.php?title=Vino&action=edit&section=59,editar
/wiki/Especial:FuentesDeLibros/8489396892,ISBN 84-89396-89-2
/w/index.php?title=Vino&action=edit&section=60,editar
/wiki/Wikcionario,Wikcionario
https://es.wiktionary.org/wiki/vino,vino
/wiki/Control_de_autoridades,Control de autoridades
/wiki/Wikidata,
https://www.wikidata.org/wiki/Q282,Q282
/wiki/Wikimedia_Commons,
https://commons.wikimedia.org/wiki/Category:Wine,Wine
https://commons.wikimedia.org/wiki/Special:MediaSearch?type=image&search=%22Q282%22,Q282
/wiki/Wikiquote,
https://es.wikiquote.org/wiki/Vino,Vino
/wiki/Biblioteca_Nacional_de_Francia,BNF
https://catalogue.bnf.fr/ark:/12148/cb11933798p,11933798p
http://data.bnf.fr/ark:/12148/cb11933798p,(data)
/wiki/Gemeinsame_Normdatei,GND
https://d-nb.info/gnd/4065133-2,4065133-2
/wiki/Library_of_Congress_Control_Number,LCCN
https://id.loc.gov/authorities/sh85146975,sh85146975
/wiki/Biblioteca_Nacional_de_la_Dieta,NDL
https://id.ndl.go.jp/auth/ndlna/00560930,00560930
/wiki/Biblioteca_Nacional_de_la_Rep%C3%BAblica_Checa,NKC
https://aleph.nkp.cz/F/?func=find-c&local_base=aut&ccl_term=ica=ph116687,ph116687
/wiki/Biblioteca_Nacional_de_Israel,NLI
http://olduli.nli.org.il/F/?func=find-b&local_base=NLX10&find_code=UID&request=987007558682305171,987007558682305171
/wiki/Art_%26_Architecture_Thesaurus,AAT
https://www.getty.edu/vow/AATFullDisplay?find=&logic=AND&note=&subjectid=300379442,300379442
/wiki/Gran_Enciclopedia_Navarra,GEN
http://www.enciclopedianavarra.com/?page_id=20773,20773
/wiki/Historical_Dictionary_of_Switzerland,HDS
https://hls-dhs-dss.ch/de/articles/006609,006609
/wiki/Enciclopedia_Brit%C3%A1nica,Britannica
https://www.britannica.com/topic/wine,url
/wiki/Enciclopedia_Treccani,Treccani
https://www.treccani.it/enciclopedia/vino_(Enciclopedia-Italiana),url
/wiki/Medical_Subject_Headings,MeSH
https://meshb.nlm.nih.gov/record/ui?ui=D014920,D014920
/wiki/Descriptores_en_Ciencias_de_la_Salud,DeCS
https://decs.bvsalud.org/en/ths/resource/?id=15320,15320
https://ncim-stage.nci.nih.gov/ncimbrowser/ConceptReport.jsp?dictionary=NCI%20Metathesaurus&code=C0043188,C0043188
/wiki/Unique_Ingredient_Identifier,UNII
https://gsrs.ncats.nih.gov/ginas/app/beta/substances/13TE483N5I,13TE483N5I
/wiki/Wikidata,
https://www.wikidata.org/wiki/Q282,Q282
/wiki/Wikimedia_Commons,
https://commons.wikimedia.org/wiki/Category:Wine,Wine
https://commons.wikimedia.org/wiki/Special:MediaSearch?type=image&search=%22Q282%22,Q282
/wiki/Wikiquote,
https://es.wikiquote.org/wiki/Vino,Vino
https://es.wikipedia.org/w/index.php?title=Vino&oldid=157556584,https://es.wikipedia.org/w/index.php?title=Vino&oldid=157556584
/wiki/Especial:Categor%C3%ADas,Categor√≠as
/wiki/Categor%C3%ADa:Aperitivos,Aperitivos
/wiki/Categor%C3%ADa:Comidas_y_bebidas_ceremoniales,Comidas y bebidas ceremoniales
/wiki/Categor%C3%ADa:Vino,Vino
/wiki/Categor%C3%ADa:Wikipedia:P%C3%A1ginas_con_referencias_con_par%C3%A1metros_obsoletos,Wikipedia:P√°ginas con referencias con par√°metros obsoletos
/wiki/Categor%C3%ADa:Wikipedia:P%C3%A1ginas_con_enlaces_m%C3%A1gicos_de_ISBN,Wikipedia:P√°ginas con enlaces m√°gicos de ISBN
/wiki/Categor%C3%ADa:Wikipedia:Art%C3%ADculos_destacados_en_la_Wikipedia_en_lat%C3%ADn,Wikipedia:Art√≠culos destacados en la Wikipedia en lat√≠n
/wiki/Categor%C3%ADa:Wikipedia:Art%C3%ADculos_buenos_en_la_Wikipedia_en_serbio,Wikipedia:Art√≠culos buenos en la Wikipedia en serbio
/wiki/Categor%C3%ADa:Wikipedia:Art%C3%ADculos_buenos_en_la_Wikipedia_en_fin%C3%A9s,Wikipedia:Art√≠culos buenos en la Wikipedia en fin√©s
/wiki/Categor%C3%ADa:Wikipedia:Art%C3%ADculos_destacados_en_la_Wikipedia_en_afrik%C3%A1ans,Wikipedia:Art√≠culos destacados en la Wikipedia en afrik√°ans
/wiki/Categor%C3%ADa:Wikipedia:Art%C3%ADculos_destacados_en_la_Wikipedia_en_polaco,Wikipedia:Art√≠culos destacados en la Wikipedia en polaco
/wiki/Categor%C3%ADa:Wikipedia:Art%C3%ADculos_con_pasajes_que_requieren_referencias,Wikipedia:Art√≠culos con pasajes que requieren referencias
/wiki/Categor%C3%ADa:Wikipedia:Art%C3%ADculos_con_pasajes_que_requieren_actualizaci%C3%B3n,Wikipedia:Art√≠culos con pasajes que requieren actualizaci√≥n
/wiki/Categor%C3%ADa:Wikipedia:Art%C3%ADculos_con_identificadores_BNF,Wikipedia:Art√≠culos con identificadores BNF
/wiki/Categor%C3%ADa:Wikipedia:Art%C3%ADculos_con_identificadores_GND,Wikipedia:Art√≠culos con identificadores GND
/wiki/Categor%C3%ADa:Wikipedia:Art%C3%ADculos_con_identificadores_LCCN,Wikipedia:Art√≠culos con identificadores LCCN
/wiki/Categor%C3%ADa:Wikipedia:Art%C3%ADculos_con_identificadores_AAT,Wikipedia:Art√≠culos con identificadores AAT
/wiki/Categor%C3%ADa:Wikipedia:Art%C3%ADculos_con_identificadores_GEN,Wikipedia:Art√≠culos con identificadores GEN
/wiki/Categor%C3%ADa:Wikipedia:Control_de_autoridades_con_18_elementos,Wikipedia:Control de autoridades con 18 elementos
https://es.wikipedia.org/wiki/Wikipedia:Texto_de_la_Licencia_Creative_Commons_Atribuci%C3%B3n-CompartirIgual_4.0_Internacional,Licencia Creative Commons Atribuci√≥n-CompartirIgual 4.0
https://creativecommons.org/licenses/by-sa/4.0/deed.es,
https://foundation.wikimedia.org/wiki/Policy:Terms_of_Use/es,t√©rminos de uso
https://foundation.wikimedia.org/wiki/Policy:Privacy_policy/es,pol√≠tica de privacidad
https://wikimediafoundation.org/es/,Fundaci√≥n Wikimedia
https://foundation.wikimedia.org/wiki/Special:MyLanguage/Policy:Privacy_policy/es,Pol√≠tica de privacidad
/wiki/Wikipedia:Acerca_de,Acerca de Wikipedia
/wiki/Wikipedia:Limitaci%C3%B3n_general_de_responsabilidad,Limitaci√≥n de responsabilidad
https://foundation.wikimedia.org/wiki/Special:MyLanguage/Policy:Universal_Code_of_Conduct,C√≥digo de conducta
https://developer.wikimedia.org,Desarrolladores
https://stats.wikimedia.org/#/es.wikipedia.org,Estad√≠sticas
https://foundation.wikimedia.org/wiki/Special:MyLanguage/Policy:Cookie_statement/es,Declaraci√≥n de cookies
//es.m.wikipedia.org/w/index.php?title=Vino&mobileaction=toggle_view_mobile,Versi√≥n para m√≥viles
https://wikimediafoundation.org/,
https://www.mediawiki.org/,
